entity_id,state,last_changed
sensor.ugreen_nas_cpu_temperature,59,2026-07-29T07:50:00.000Z
sensor.ugreen_nas_cpu_temperature,61,2026-07-29T08:00:13.991Z
sensor.ugreen_nas_cpu_temperature,59,2026-07-29T08:00:18.967Z
sensor.ugreen_nas_cpu_temperature,68,2026-07-29T08:14:08.993Z
sensor.ugreen_nas_cpu_temperature,75,2026-07-29T08:14:13.967Z
sensor.ugreen_nas_cpu_temperature,71,2026-07-29T08:14:18.981Z
sensor.ugreen_nas_cpu_temperature,75,2026-07-29T08:14:24.019Z
sensor.ugreen_nas_cpu_temperature,79,2026-07-29T08:14:28.968Z
sensor.ugreen_nas_cpu_temperature,83,2026-07-29T08:14:33.967Z
sensor.ugreen_nas_cpu_temperature,77,2026-07-29T08:14:38.983Z
sensor.ugreen_nas_cpu_temperature,73,2026-07-29T08:14:43.970Z
sensor.ugreen_nas_cpu_temperature,77,2026-07-29T08:14:48.981Z
sensor.ugreen_nas_cpu_temperature,79,2026-07-29T08:14:53.982Z
sensor.ugreen_nas_cpu_temperature,74,2026-07-29T08:14:58.984Z
sensor.ugreen_nas_cpu_temperature,79,2026-07-29T08:15:03.967Z
sensor.ugreen_nas_cpu_temperature,74,2026-07-29T08:15:08.978Z
sensor.ugreen_nas_cpu_temperature,78,2026-07-29T08:15:13.968Z
sensor.ugreen_nas_cpu_temperature,82,2026-07-29T08:15:18.969Z
sensor.ugreen_nas_cpu_temperature,77,2026-07-29T08:15:24.001Z
sensor.ugreen_nas_cpu_temperature,72,2026-07-29T08:15:28.973Z
sensor.ugreen_nas_cpu_temperature,78,2026-07-29T08:15:33.966Z
sensor.ugreen_nas_cpu_temperature,82,2026-07-29T08:15:38.982Z
sensor.ugreen_nas_cpu_temperature,87,2026-07-29T08:15:43.968Z
sensor.ugreen_nas_cpu_temperature,80,2026-07-29T08:15:48.970Z
sensor.ugreen_nas_cpu_temperature,76,2026-07-29T08:15:53.967Z
sensor.ugreen_nas_cpu_temperature,81,2026-07-29T08:15:58.968Z
sensor.ugreen_nas_cpu_temperature,76,2026-07-29T08:16:03.982Z
sensor.ugreen_nas_cpu_temperature,79,2026-07-29T08:16:08.981Z
sensor.ugreen_nas_cpu_temperature,75,2026-07-29T08:16:13.984Z
sensor.ugreen_nas_cpu_temperature,80,2026-07-29T08:16:18.967Z
sensor.ugreen_nas_cpu_temperature,75,2026-07-29T08:16:23.989Z
sensor.ugreen_nas_cpu_temperature,79,2026-07-29T08:16:28.973Z
sensor.ugreen_nas_cpu_temperature,85,2026-07-29T08:16:33.967Z
sensor.ugreen_nas_cpu_temperature,79,2026-07-29T08:16:38.982Z
sensor.ugreen_nas_cpu_temperature,84,2026-07-29T08:16:43.967Z
sensor.ugreen_nas_cpu_temperature,76,2026-07-29T08:16:48.967Z
sensor.ugreen_nas_cpu_temperature,71,2026-07-29T08:16:53.973Z
sensor.ugreen_nas_cpu_temperature,77,2026-07-29T08:16:58.973Z
sensor.ugreen_nas_cpu_temperature,82,2026-07-29T08:17:03.975Z
sensor.ugreen_nas_cpu_temperature,85,2026-07-29T08:17:08.983Z
sensor.ugreen_nas_cpu_temperature,79,2026-07-29T08:17:13.978Z
sensor.ugreen_nas_cpu_temperature,82,2026-07-29T08:17:18.976Z
sensor.ugreen_nas_cpu_temperature,76,2026-07-29T08:17:23.968Z
sensor.ugreen_nas_cpu_temperature,81,2026-07-29T08:17:28.975Z
sensor.ugreen_nas_cpu_temperature,74,2026-07-29T08:17:33.974Z
sensor.ugreen_nas_cpu_temperature,78,2026-07-29T08:17:38.973Z
sensor.ugreen_nas_cpu_temperature,81,2026-07-29T08:17:43.968Z
sensor.ugreen_nas_cpu_temperature,76,2026-07-29T08:17:48.971Z
sensor.ugreen_nas_cpu_temperature,80,2026-07-29T08:17:53.965Z
sensor.ugreen_nas_cpu_temperature,86,2026-07-29T08:17:58.980Z
sensor.ugreen_nas_cpu_temperature,80,2026-07-29T08:18:03.966Z
sensor.ugreen_nas_cpu_temperature,84,2026-07-29T08:18:08.985Z
sensor.ugreen_nas_cpu_temperature,79,2026-07-29T08:18:13.963Z
sensor.ugreen_nas_cpu_temperature,77,2026-07-29T08:18:18.973Z
sensor.ugreen_nas_cpu_temperature,91,2026-07-29T08:18:23.967Z
sensor.ugreen_nas_cpu_temperature,84,2026-07-29T08:18:28.969Z
sensor.ugreen_nas_cpu_temperature,80,2026-07-29T08:18:33.977Z
sensor.ugreen_nas_cpu_temperature,85,2026-07-29T08:18:38.975Z
sensor.ugreen_nas_cpu_temperature,78,2026-07-29T08:18:43.969Z
sensor.ugreen_nas_cpu_temperature,82,2026-07-29T08:18:48.971Z
sensor.ugreen_nas_cpu_temperature,77,2026-07-29T08:18:53.968Z
sensor.ugreen_nas_cpu_temperature,71,2026-07-29T08:18:58.970Z
sensor.ugreen_nas_cpu_temperature,74,2026-07-29T08:19:03.974Z
sensor.ugreen_nas_cpu_temperature,79,2026-07-29T08:19:08.985Z
sensor.ugreen_nas_cpu_temperature,81,2026-07-29T08:19:13.974Z
sensor.ugreen_nas_cpu_temperature,74,2026-07-29T08:19:18.969Z
sensor.ugreen_nas_cpu_temperature,78,2026-07-29T08:19:23.969Z
sensor.ugreen_nas_cpu_temperature,73,2026-07-29T08:19:28.974Z
sensor.ugreen_nas_cpu_temperature,76,2026-07-29T08:19:33.976Z
sensor.ugreen_nas_cpu_temperature,80,2026-07-29T08:19:38.981Z
sensor.ugreen_nas_cpu_temperature,76,2026-07-29T08:19:43.977Z
sensor.ugreen_nas_cpu_temperature,90,2026-07-29T08:19:48.975Z
sensor.ugreen_nas_cpu_temperature,82,2026-07-29T08:19:53.971Z
sensor.ugreen_nas_cpu_temperature,75,2026-07-29T08:19:58.971Z
sensor.ugreen_nas_cpu_temperature,79,2026-07-29T08:20:03.971Z
sensor.ugreen_nas_cpu_temperature,83,2026-07-29T08:20:08.973Z
sensor.ugreen_nas_cpu_temperature,76,2026-07-29T08:20:13.979Z
sensor.ugreen_nas_cpu_temperature,79,2026-07-29T08:20:18.970Z
sensor.ugreen_nas_cpu_temperature,82,2026-07-29T08:20:23.988Z
sensor.ugreen_nas_cpu_temperature,78,2026-07-29T08:20:28.971Z
sensor.ugreen_nas_cpu_temperature,83,2026-07-29T08:20:33.974Z
sensor.ugreen_nas_cpu_temperature,86,2026-07-29T08:20:38.970Z
sensor.ugreen_nas_cpu_temperature,79,2026-07-29T08:20:43.978Z
sensor.ugreen_nas_cpu_temperature,81,2026-07-29T08:20:48.969Z
sensor.ugreen_nas_cpu_temperature,86,2026-07-29T08:20:53.969Z
sensor.ugreen_nas_cpu_temperature,91,2026-07-29T08:20:59.020Z
sensor.ugreen_nas_cpu_temperature,84,2026-07-29T08:21:03.979Z
sensor.ugreen_nas_cpu_temperature,89,2026-07-29T08:21:08.970Z
sensor.ugreen_nas_cpu_temperature,83,2026-07-29T08:21:13.978Z
sensor.ugreen_nas_cpu_temperature,86,2026-07-29T08:21:18.976Z
sensor.ugreen_nas_cpu_temperature,80,2026-07-29T08:21:24.035Z
sensor.ugreen_nas_cpu_temperature,85,2026-07-29T08:21:28.975Z
sensor.ugreen_nas_cpu_temperature,90,2026-07-29T08:21:33.978Z
sensor.ugreen_nas_cpu_temperature,84,2026-07-29T08:21:38.995Z
sensor.ugreen_nas_cpu_temperature,87,2026-07-29T08:21:43.977Z
sensor.ugreen_nas_cpu_temperature,80,2026-07-29T08:21:48.976Z
sensor.ugreen_nas_cpu_temperature,85,2026-07-29T08:21:53.973Z
sensor.ugreen_nas_cpu_temperature,88,2026-07-29T08:21:58.971Z
sensor.ugreen_nas_cpu_temperature,82,2026-07-29T08:22:03.989Z
sensor.ugreen_nas_cpu_temperature,77,2026-07-29T08:22:08.973Z
sensor.ugreen_nas_cpu_temperature,90,2026-07-29T08:22:13.971Z
sensor.ugreen_nas_cpu_temperature,84,2026-07-29T08:22:19.011Z
sensor.ugreen_nas_cpu_temperature,88,2026-07-29T08:22:23.980Z
sensor.ugreen_nas_cpu_temperature,83,2026-07-29T08:22:28.989Z
sensor.ugreen_nas_cpu_temperature,77,2026-07-29T08:22:33.977Z
sensor.ugreen_nas_cpu_temperature,82,2026-07-29T08:22:38.983Z
sensor.ugreen_nas_cpu_temperature,86,2026-07-29T08:22:44.003Z
sensor.ugreen_nas_cpu_temperature,81,2026-07-29T08:22:48.973Z
sensor.ugreen_nas_cpu_temperature,84,2026-07-29T08:22:53.978Z
sensor.ugreen_nas_cpu_temperature,80,2026-07-29T08:22:58.974Z
sensor.ugreen_nas_cpu_temperature,84,2026-07-29T08:23:03.986Z
sensor.ugreen_nas_cpu_temperature,86,2026-07-29T08:23:08.981Z
sensor.ugreen_nas_cpu_temperature,82,2026-07-29T08:23:13.979Z
sensor.ugreen_nas_cpu_temperature,85,2026-07-29T08:23:18.997Z
sensor.ugreen_nas_cpu_temperature,88,2026-07-29T08:23:23.966Z
sensor.ugreen_nas_cpu_temperature,82,2026-07-29T08:23:28.982Z
sensor.ugreen_nas_cpu_temperature,76,2026-07-29T08:23:33.992Z
sensor.ugreen_nas_cpu_temperature,81,2026-07-29T08:23:39.004Z
sensor.ugreen_nas_cpu_temperature,85,2026-07-29T08:23:43.973Z
sensor.ugreen_nas_cpu_temperature,89,2026-07-29T08:23:48.991Z
sensor.ugreen_nas_cpu_temperature,82,2026-07-29T08:23:53.998Z
sensor.ugreen_nas_cpu_temperature,76,2026-07-29T08:23:58.964Z
sensor.ugreen_nas_cpu_temperature,80,2026-07-29T08:24:03.995Z
sensor.ugreen_nas_cpu_temperature,83,2026-07-29T08:24:08.976Z
sensor.ugreen_nas_cpu_temperature,86,2026-07-29T08:24:13.966Z
sensor.ugreen_nas_cpu_temperature,91,2026-07-29T08:24:19.010Z
sensor.ugreen_nas_cpu_temperature,83,2026-07-29T08:24:23.964Z
sensor.ugreen_nas_cpu_temperature,86,2026-07-29T08:24:28.978Z
sensor.ugreen_nas_cpu_temperature,89,2026-07-29T08:24:34.003Z
sensor.ugreen_nas_cpu_temperature,83,2026-07-29T08:24:38.988Z
sensor.ugreen_nas_cpu_temperature,85,2026-07-29T08:24:43.979Z
sensor.ugreen_nas_cpu_temperature,88,2026-07-29T08:24:48.979Z
sensor.ugreen_nas_cpu_temperature,83,2026-07-29T08:24:53.974Z
sensor.ugreen_nas_cpu_temperature,77,2026-07-29T08:24:58.987Z
sensor.ugreen_nas_cpu_temperature,91,2026-07-29T08:25:03.976Z
sensor.ugreen_nas_cpu_temperature,84,2026-07-29T08:25:08.995Z
sensor.ugreen_nas_cpu_temperature,87,2026-07-29T08:25:13.974Z
sensor.ugreen_nas_cpu_temperature,82,2026-07-29T08:25:18.998Z
sensor.ugreen_nas_cpu_temperature,85,2026-07-29T08:25:23.985Z
sensor.ugreen_nas_cpu_temperature,89,2026-07-29T08:25:28.979Z
sensor.ugreen_nas_cpu_temperature,83,2026-07-29T08:25:33.988Z
sensor.ugreen_nas_cpu_temperature,86,2026-07-29T08:25:38.985Z
sensor.ugreen_nas_cpu_temperature,89,2026-07-29T08:25:43.995Z
sensor.ugreen_nas_cpu_temperature,83,2026-07-29T08:25:48.988Z
sensor.ugreen_nas_cpu_temperature,86,2026-07-29T08:25:53.970Z
sensor.ugreen_nas_cpu_temperature,80,2026-07-29T08:25:58.968Z
sensor.ugreen_nas_cpu_temperature,77,2026-07-29T08:26:03.968Z
sensor.ugreen_nas_cpu_temperature,81,2026-07-29T08:26:08.983Z
sensor.ugreen_nas_cpu_temperature,86,2026-07-29T08:26:13.979Z
sensor.ugreen_nas_cpu_temperature,79,2026-07-29T08:26:18.975Z
sensor.ugreen_nas_cpu_temperature,86,2026-07-29T08:26:23.987Z
sensor.ugreen_nas_cpu_temperature,91,2026-07-29T08:26:28.975Z
sensor.ugreen_nas_cpu_temperature,85,2026-07-29T08:26:33.987Z
sensor.ugreen_nas_cpu_temperature,87,2026-07-29T08:26:38.986Z
sensor.ugreen_nas_cpu_temperature,90,2026-07-29T08:26:43.977Z
sensor.ugreen_nas_cpu_temperature,84,2026-07-29T08:26:48.986Z
sensor.ugreen_nas_cpu_temperature,86,2026-07-29T08:26:53.983Z
sensor.ugreen_nas_cpu_temperature,89,2026-07-29T08:26:58.977Z
sensor.ugreen_nas_cpu_temperature,84,2026-07-29T08:27:03.992Z
sensor.ugreen_nas_cpu_temperature,88,2026-07-29T08:27:08.988Z
sensor.ugreen_nas_cpu_temperature,93,2026-07-29T08:27:13.970Z
sensor.ugreen_nas_cpu_temperature,86,2026-07-29T08:27:18.970Z
sensor.ugreen_nas_cpu_temperature,90,2026-07-29T08:27:24.037Z
sensor.ugreen_nas_cpu_temperature,83,2026-07-29T08:27:28.974Z
sensor.ugreen_nas_cpu_temperature,87,2026-07-29T08:27:33.975Z
sensor.ugreen_nas_cpu_temperature,81,2026-07-29T08:27:38.977Z
sensor.ugreen_nas_cpu_temperature,84,2026-07-29T08:27:43.973Z
sensor.ugreen_nas_cpu_temperature,87,2026-07-29T08:27:48.970Z
sensor.ugreen_nas_cpu_temperature,80,2026-07-29T08:27:53.976Z
sensor.ugreen_nas_cpu_temperature,73,2026-07-29T08:27:58.975Z
sensor.ugreen_nas_cpu_temperature,75,2026-07-29T08:28:03.970Z
sensor.ugreen_nas_cpu_temperature,72,2026-07-29T08:28:08.970Z
sensor.ugreen_nas_cpu_temperature,79,2026-07-29T08:28:13.980Z
sensor.ugreen_nas_cpu_temperature,82,2026-07-29T08:28:18.972Z
sensor.ugreen_nas_cpu_temperature,85,2026-07-29T08:28:23.983Z
sensor.ugreen_nas_cpu_temperature,87,2026-07-29T08:28:28.975Z
sensor.ugreen_nas_cpu_temperature,80,2026-07-29T08:28:33.986Z
sensor.ugreen_nas_cpu_temperature,85,2026-07-29T08:28:38.980Z
sensor.ugreen_nas_cpu_temperature,87,2026-07-29T08:28:43.980Z
sensor.ugreen_nas_cpu_temperature,89,2026-07-29T08:28:48.985Z
sensor.ugreen_nas_cpu_temperature,82,2026-07-29T08:28:53.971Z
sensor.ugreen_nas_cpu_temperature,85,2026-07-29T08:28:58.999Z
sensor.ugreen_nas_cpu_temperature,88,2026-07-29T08:29:03.997Z
sensor.ugreen_nas_cpu_temperature,91,2026-07-29T08:29:08.980Z
sensor.ugreen_nas_cpu_temperature,84,2026-07-29T08:29:13.972Z
sensor.ugreen_nas_cpu_temperature,87,2026-07-29T08:29:18.971Z
sensor.ugreen_nas_cpu_temperature,89,2026-07-29T08:29:23.990Z
sensor.ugreen_nas_cpu_temperature,83,2026-07-29T08:29:28.972Z
sensor.ugreen_nas_cpu_temperature,86,2026-07-29T08:29:33.988Z
sensor.ugreen_nas_cpu_temperature,80,2026-07-29T08:29:38.996Z
sensor.ugreen_nas_cpu_temperature,84,2026-07-29T08:29:43.969Z
sensor.ugreen_nas_cpu_temperature,88,2026-07-29T08:29:48.984Z
sensor.ugreen_nas_cpu_temperature,81,2026-07-29T08:29:53.993Z
sensor.ugreen_nas_cpu_temperature,84,2026-07-29T08:29:58.970Z
sensor.ugreen_nas_cpu_temperature,87,2026-07-29T08:30:03.982Z
sensor.ugreen_nas_cpu_temperature,81,2026-07-29T08:30:08.982Z
sensor.ugreen_nas_cpu_temperature,86,2026-07-29T08:30:13.968Z
sensor.ugreen_nas_cpu_temperature,89,2026-07-29T08:30:18.993Z
sensor.ugreen_nas_cpu_temperature,94,2026-07-29T08:30:23.967Z
sensor.ugreen_nas_cpu_temperature,87,2026-07-29T08:30:28.991Z
sensor.ugreen_nas_cpu_temperature,83,2026-07-29T08:30:33.995Z
sensor.ugreen_nas_cpu_temperature,87,2026-07-29T08:30:38.990Z
sensor.ugreen_nas_cpu_temperature,91,2026-07-29T08:30:43.994Z
sensor.ugreen_nas_cpu_temperature,85,2026-07-29T08:30:48.995Z
sensor.ugreen_nas_cpu_temperature,88,2026-07-29T08:30:53.991Z
sensor.ugreen_nas_cpu_temperature,92,2026-07-29T08:30:58.994Z
sensor.ugreen_nas_cpu_temperature,86,2026-07-29T08:31:03.995Z
sensor.ugreen_nas_cpu_temperature,89,2026-07-29T08:31:08.997Z
sensor.ugreen_nas_cpu_temperature,83,2026-07-29T08:31:13.995Z
sensor.ugreen_nas_cpu_temperature,86,2026-07-29T08:31:18.995Z
sensor.ugreen_nas_cpu_temperature,89,2026-07-29T08:31:23.994Z
sensor.ugreen_nas_cpu_temperature,85,2026-07-29T08:31:28.970Z
sensor.ugreen_nas_cpu_temperature,89,2026-07-29T08:31:33.995Z
sensor.ugreen_nas_cpu_temperature,84,2026-07-29T08:31:38.974Z
sensor.ugreen_nas_cpu_temperature,87,2026-07-29T08:31:44.205Z
sensor.ugreen_nas_cpu_temperature,91,2026-07-29T08:31:48.975Z
sensor.ugreen_nas_cpu_temperature,84,2026-07-29T08:31:53.972Z
sensor.ugreen_nas_cpu_temperature,87,2026-07-29T08:31:58.974Z
sensor.ugreen_nas_cpu_temperature,90,2026-07-29T08:32:03.983Z
sensor.ugreen_nas_cpu_temperature,84,2026-07-29T08:32:08.999Z
sensor.ugreen_nas_cpu_temperature,80,2026-07-29T08:32:13.974Z
sensor.ugreen_nas_cpu_temperature,85,2026-07-29T08:32:18.975Z
sensor.ugreen_nas_cpu_temperature,92,2026-07-29T08:32:23.968Z
sensor.ugreen_nas_cpu_temperature,85,2026-07-29T08:32:28.997Z
sensor.ugreen_nas_cpu_temperature,91,2026-07-29T08:32:33.994Z
sensor.ugreen_nas_cpu_temperature,85,2026-07-29T08:32:38.979Z
sensor.ugreen_nas_cpu_temperature,78,2026-07-29T08:32:43.979Z
sensor.ugreen_nas_cpu_temperature,84,2026-07-29T08:32:48.993Z
sensor.ugreen_nas_cpu_temperature,89,2026-07-29T08:32:53.979Z
sensor.ugreen_nas_cpu_temperature,94,2026-07-29T08:32:58.970Z
sensor.ugreen_nas_cpu_temperature,88,2026-07-29T08:33:03.995Z
sensor.ugreen_nas_cpu_temperature,83,2026-07-29T08:33:08.997Z
sensor.ugreen_nas_cpu_temperature,86,2026-07-29T08:33:13.969Z
sensor.ugreen_nas_cpu_temperature,82,2026-07-29T08:33:18.971Z
sensor.ugreen_nas_cpu_temperature,85,2026-07-29T08:33:23.971Z
sensor.ugreen_nas_cpu_temperature,90,2026-07-29T08:33:28.984Z
sensor.ugreen_nas_cpu_temperature,85,2026-07-29T08:33:33.975Z
sensor.ugreen_nas_cpu_temperature,90,2026-07-29T08:33:38.967Z
sensor.ugreen_nas_cpu_temperature,84,2026-07-29T08:33:43.966Z
sensor.ugreen_nas_cpu_temperature,86,2026-07-29T08:33:48.968Z
sensor.ugreen_nas_cpu_temperature,90,2026-07-29T08:33:53.979Z
sensor.ugreen_nas_cpu_temperature,83,2026-07-29T08:33:58.970Z
sensor.ugreen_nas_cpu_temperature,86,2026-07-29T08:34:03.996Z
sensor.ugreen_nas_cpu_temperature,91,2026-07-29T08:34:08.972Z
sensor.ugreen_nas_cpu_temperature,84,2026-07-29T08:34:13.976Z
sensor.ugreen_nas_cpu_temperature,87,2026-07-29T08:34:18.993Z
sensor.ugreen_nas_cpu_temperature,90,2026-07-29T08:34:23.990Z
sensor.ugreen_nas_cpu_temperature,84,2026-07-29T08:34:28.968Z
sensor.ugreen_nas_cpu_temperature,88,2026-07-29T08:34:33.968Z
sensor.ugreen_nas_cpu_temperature,83,2026-07-29T08:34:38.987Z
sensor.ugreen_nas_cpu_temperature,86,2026-07-29T08:34:43.970Z
sensor.ugreen_nas_cpu_temperature,89,2026-07-29T08:34:48.995Z
sensor.ugreen_nas_cpu_temperature,82,2026-07-29T08:34:53.993Z
sensor.ugreen_nas_cpu_temperature,86,2026-07-29T08:34:58.967Z
sensor.ugreen_nas_cpu_temperature,92,2026-07-29T08:35:03.996Z
sensor.ugreen_nas_cpu_temperature,86,2026-07-29T08:35:08.997Z
sensor.ugreen_nas_cpu_temperature,89,2026-07-29T08:35:13.969Z
sensor.ugreen_nas_cpu_temperature,84,2026-07-29T08:35:18.984Z
sensor.ugreen_nas_cpu_temperature,88,2026-07-29T08:35:24.094Z
sensor.ugreen_nas_cpu_temperature,92,2026-07-29T08:35:28.994Z
sensor.ugreen_nas_cpu_temperature,86,2026-07-29T08:35:33.994Z
sensor.ugreen_nas_cpu_temperature,89,2026-07-29T08:35:38.969Z
sensor.ugreen_nas_cpu_temperature,83,2026-07-29T08:35:43.967Z
sensor.ugreen_nas_cpu_temperature,86,2026-07-29T08:35:48.993Z
sensor.ugreen_nas_cpu_temperature,90,2026-07-29T08:35:53.967Z
sensor.ugreen_nas_cpu_temperature,83,2026-07-29T08:35:58.971Z
sensor.ugreen_nas_cpu_temperature,86,2026-07-29T08:36:03.987Z
sensor.ugreen_nas_cpu_temperature,91,2026-07-29T08:36:08.982Z
sensor.ugreen_nas_cpu_temperature,84,2026-07-29T08:36:13.993Z
sensor.ugreen_nas_cpu_temperature,88,2026-07-29T08:36:18.968Z
sensor.ugreen_nas_cpu_temperature,82,2026-07-29T08:36:23.980Z
sensor.ugreen_nas_cpu_temperature,85,2026-07-29T08:36:28.970Z
sensor.ugreen_nas_cpu_temperature,90,2026-07-29T08:36:33.978Z
sensor.ugreen_nas_cpu_temperature,84,2026-07-29T08:36:38.980Z
sensor.ugreen_nas_cpu_temperature,87,2026-07-29T08:36:43.979Z
sensor.ugreen_nas_cpu_temperature,90,2026-07-29T08:36:48.974Z
sensor.ugreen_nas_cpu_temperature,93,2026-07-29T08:36:53.993Z
sensor.ugreen_nas_cpu_temperature,85,2026-07-29T08:36:58.994Z
sensor.ugreen_nas_cpu_temperature,89,2026-07-29T08:37:03.992Z
sensor.ugreen_nas_cpu_temperature,83,2026-07-29T08:37:08.991Z
sensor.ugreen_nas_cpu_temperature,87,2026-07-29T08:37:13.975Z
sensor.ugreen_nas_cpu_temperature,82,2026-07-29T08:37:18.978Z
sensor.ugreen_nas_cpu_temperature,85,2026-07-29T08:37:24.005Z
sensor.ugreen_nas_cpu_temperature,88,2026-07-29T08:37:28.974Z
sensor.ugreen_nas_cpu_temperature,83,2026-07-29T08:37:33.973Z
sensor.ugreen_nas_cpu_temperature,87,2026-07-29T08:37:38.974Z
sensor.ugreen_nas_cpu_temperature,89,2026-07-29T08:37:43.978Z
sensor.ugreen_nas_cpu_temperature,81,2026-07-29T08:37:48.975Z
sensor.ugreen_nas_cpu_temperature,75,2026-07-29T08:37:53.979Z
sensor.ugreen_nas_cpu_temperature,70,2026-07-29T08:37:58.975Z
sensor.ugreen_nas_cpu_temperature,68,2026-07-29T08:38:03.988Z
sensor.ugreen_nas_cpu_temperature,72,2026-07-29T08:38:08.978Z
sensor.ugreen_nas_cpu_temperature,69,2026-07-29T08:38:13.975Z
sensor.ugreen_nas_cpu_temperature,77,2026-07-29T08:38:18.963Z
sensor.ugreen_nas_cpu_temperature,71,2026-07-29T08:38:23.967Z
sensor.ugreen_nas_cpu_temperature,70,2026-07-29T08:38:28.977Z
sensor.ugreen_nas_cpu_temperature,78,2026-07-29T08:38:33.976Z
sensor.ugreen_nas_cpu_temperature,72,2026-07-29T08:38:38.976Z
sensor.ugreen_nas_cpu_temperature,77,2026-07-29T08:38:43.978Z
sensor.ugreen_nas_cpu_temperature,72,2026-07-29T08:38:48.978Z
sensor.ugreen_nas_cpu_temperature,79,2026-07-29T08:38:53.970Z
sensor.ugreen_nas_cpu_temperature,73,2026-07-29T08:38:58.992Z
sensor.ugreen_nas_cpu_temperature,78,2026-07-29T08:39:03.978Z
sensor.ugreen_nas_cpu_temperature,73,2026-07-29T08:39:08.975Z
sensor.ugreen_nas_cpu_temperature,79,2026-07-29T08:39:13.978Z
sensor.ugreen_nas_cpu_temperature,73,2026-07-29T08:39:18.976Z
sensor.ugreen_nas_cpu_temperature,70,2026-07-29T08:39:23.984Z
sensor.ugreen_nas_cpu_temperature,75,2026-07-29T08:39:28.975Z
sensor.ugreen_nas_cpu_temperature,71,2026-07-29T08:39:33.978Z
sensor.ugreen_nas_cpu_temperature,76,2026-07-29T08:39:38.975Z
sensor.ugreen_nas_cpu_temperature,71,2026-07-29T08:39:43.975Z
sensor.ugreen_nas_cpu_temperature,76,2026-07-29T08:39:48.980Z
sensor.ugreen_nas_cpu_temperature,72,2026-07-29T08:39:53.977Z
sensor.ugreen_nas_cpu_temperature,75,2026-07-29T08:39:58.979Z
sensor.ugreen_nas_cpu_temperature,71,2026-07-29T08:40:03.975Z
sensor.ugreen_nas_cpu_temperature,78,2026-07-29T08:40:08.979Z
sensor.ugreen_nas_cpu_temperature,72,2026-07-29T08:40:13.971Z
sensor.ugreen_nas_cpu_temperature,70,2026-07-29T08:40:18.968Z
sensor.ugreen_nas_cpu_temperature,75,2026-07-29T08:40:23.978Z
sensor.ugreen_nas_cpu_temperature,70,2026-07-29T08:40:28.978Z
sensor.ugreen_nas_cpu_temperature,77,2026-07-29T08:40:33.979Z
sensor.ugreen_nas_cpu_temperature,72,2026-07-29T08:40:38.968Z
sensor.ugreen_nas_cpu_temperature,69,2026-07-29T08:40:43.975Z
sensor.ugreen_nas_cpu_temperature,74,2026-07-29T08:40:48.980Z
sensor.ugreen_nas_cpu_temperature,79,2026-07-29T08:40:53.976Z
sensor.ugreen_nas_cpu_temperature,73,2026-07-29T08:40:58.975Z
sensor.ugreen_nas_cpu_temperature,69,2026-07-29T08:41:03.975Z
sensor.ugreen_nas_cpu_temperature,74,2026-07-29T08:41:08.975Z
sensor.ugreen_nas_cpu_temperature,70,2026-07-29T08:41:13.975Z
sensor.ugreen_nas_cpu_temperature,73,2026-07-29T08:41:18.976Z
sensor.ugreen_nas_cpu_temperature,69,2026-07-29T08:41:23.967Z
sensor.ugreen_nas_cpu_temperature,73,2026-07-29T08:41:28.979Z
sensor.ugreen_nas_cpu_temperature,70,2026-07-29T08:41:33.979Z
sensor.ugreen_nas_cpu_temperature,77,2026-07-29T08:41:38.979Z
sensor.ugreen_nas_cpu_temperature,71,2026-07-29T08:41:43.980Z
sensor.ugreen_nas_cpu_temperature,76,2026-07-29T08:41:48.978Z
sensor.ugreen_nas_cpu_temperature,71,2026-07-29T08:41:53.975Z
sensor.ugreen_nas_cpu_temperature,75,2026-07-29T08:41:58.975Z
sensor.ugreen_nas_cpu_temperature,71,2026-07-29T08:42:03.975Z
sensor.ugreen_nas_cpu_temperature,78,2026-07-29T08:42:08.975Z
sensor.ugreen_nas_cpu_temperature,73,2026-07-29T08:42:13.974Z
sensor.ugreen_nas_cpu_temperature,69,2026-07-29T08:42:18.975Z
sensor.ugreen_nas_cpu_temperature,74,2026-07-29T08:42:28.978Z
sensor.ugreen_nas_cpu_temperature,78,2026-07-29T08:42:33.975Z
sensor.ugreen_nas_cpu_temperature,72,2026-07-29T08:42:38.968Z
sensor.ugreen_nas_cpu_temperature,69,2026-07-29T08:42:43.981Z
sensor.ugreen_nas_cpu_temperature,78,2026-07-29T08:42:48.980Z
sensor.ugreen_nas_cpu_temperature,72,2026-07-29T08:42:53.979Z
sensor.ugreen_nas_cpu_temperature,70,2026-07-29T08:42:58.978Z
sensor.ugreen_nas_cpu_temperature,75,2026-07-29T08:43:03.977Z
sensor.ugreen_nas_cpu_temperature,71,2026-07-29T08:43:08.975Z
sensor.ugreen_nas_cpu_temperature,76,2026-07-29T08:43:13.990Z
sensor.ugreen_nas_cpu_temperature,71,2026-07-29T08:43:18.972Z
sensor.ugreen_nas_cpu_temperature,77,2026-07-29T08:43:24.051Z
sensor.ugreen_nas_cpu_temperature,72,2026-07-29T08:43:28.977Z
sensor.ugreen_nas_cpu_temperature,69,2026-07-29T08:43:33.975Z
sensor.ugreen_nas_cpu_temperature,75,2026-07-29T08:43:38.975Z
sensor.ugreen_nas_cpu_temperature,70,2026-07-29T08:43:43.973Z
sensor.ugreen_nas_cpu_temperature,78,2026-07-29T08:43:48.977Z
sensor.ugreen_nas_cpu_temperature,72,2026-07-29T08:43:53.976Z
sensor.ugreen_nas_cpu_temperature,69,2026-07-29T08:43:58.979Z
sensor.ugreen_nas_cpu_temperature,74,2026-07-29T08:44:03.979Z
sensor.ugreen_nas_cpu_temperature,70,2026-07-29T08:44:08.979Z
sensor.ugreen_nas_cpu_temperature,74,2026-07-29T08:44:13.966Z
sensor.ugreen_nas_cpu_temperature,70,2026-07-29T08:44:18.993Z
sensor.ugreen_nas_cpu_temperature,71,2026-07-29T08:44:23.965Z
sensor.ugreen_nas_cpu_temperature,78,2026-07-29T08:44:28.967Z
sensor.ugreen_nas_cpu_temperature,73,2026-07-29T08:44:33.976Z
sensor.ugreen_nas_cpu_temperature,78,2026-07-29T08:44:38.975Z
sensor.ugreen_nas_cpu_temperature,73,2026-07-29T08:44:43.975Z
sensor.ugreen_nas_cpu_temperature,79,2026-07-29T08:44:48.995Z
sensor.ugreen_nas_cpu_temperature,73,2026-07-29T08:44:53.992Z
sensor.ugreen_nas_cpu_temperature,69,2026-07-29T08:44:58.970Z
sensor.ugreen_nas_cpu_temperature,74,2026-07-29T08:45:03.969Z
sensor.ugreen_nas_cpu_temperature,77,2026-07-29T08:45:08.969Z
sensor.ugreen_nas_cpu_temperature,72,2026-07-29T08:45:13.970Z
sensor.ugreen_nas_cpu_temperature,78,2026-07-29T08:45:18.993Z
sensor.ugreen_nas_cpu_temperature,72,2026-07-29T08:45:23.990Z
sensor.ugreen_nas_cpu_temperature,69,2026-07-29T08:45:28.992Z
sensor.ugreen_nas_cpu_temperature,75,2026-07-29T08:45:33.991Z
sensor.ugreen_nas_cpu_temperature,71,2026-07-29T08:45:38.968Z
sensor.ugreen_nas_cpu_temperature,76,2026-07-29T08:45:43.992Z
sensor.ugreen_nas_cpu_temperature,72,2026-07-29T08:45:48.986Z
sensor.ugreen_nas_cpu_temperature,76,2026-07-29T08:45:53.976Z
sensor.ugreen_nas_cpu_temperature,71,2026-07-29T08:45:58.973Z
sensor.ugreen_nas_cpu_temperature,76,2026-07-29T08:46:03.979Z
sensor.ugreen_nas_cpu_temperature,72,2026-07-29T08:46:08.983Z
sensor.ugreen_nas_cpu_temperature,76,2026-07-29T08:46:13.968Z
sensor.ugreen_nas_cpu_temperature,71,2026-07-29T08:46:18.980Z
sensor.ugreen_nas_cpu_temperature,75,2026-07-29T08:46:23.966Z
sensor.ugreen_nas_cpu_temperature,71,2026-07-29T08:46:28.982Z
sensor.ugreen_nas_cpu_temperature,77,2026-07-29T08:46:33.992Z
sensor.ugreen_nas_cpu_temperature,73,2026-07-29T08:46:38.982Z
sensor.ugreen_nas_cpu_temperature,78,2026-07-29T08:46:43.993Z
sensor.ugreen_nas_cpu_temperature,72,2026-07-29T08:46:49.003Z
sensor.ugreen_nas_cpu_temperature,75,2026-07-29T08:46:53.992Z
sensor.ugreen_nas_cpu_temperature,71,2026-07-29T08:46:58.992Z
sensor.ugreen_nas_cpu_temperature,75,2026-07-29T08:47:03.982Z
sensor.ugreen_nas_cpu_temperature,71,2026-07-29T08:47:08.979Z
sensor.ugreen_nas_cpu_temperature,77,2026-07-29T08:47:13.991Z
sensor.ugreen_nas_cpu_temperature,71,2026-07-29T08:47:18.976Z
sensor.ugreen_nas_cpu_temperature,76,2026-07-29T08:47:23.999Z
sensor.ugreen_nas_cpu_temperature,72,2026-07-29T08:47:28.979Z
sensor.ugreen_nas_cpu_temperature,76,2026-07-29T08:47:33.979Z
sensor.ugreen_nas_cpu_temperature,71,2026-07-29T08:47:38.978Z
sensor.ugreen_nas_cpu_temperature,77,2026-07-29T08:47:43.978Z
sensor.ugreen_nas_cpu_temperature,72,2026-07-29T08:47:48.978Z
sensor.ugreen_nas_cpu_temperature,70,2026-07-29T08:47:53.996Z
sensor.ugreen_nas_cpu_temperature,73,2026-07-29T08:47:58.969Z
sensor.ugreen_nas_cpu_temperature,77,2026-07-29T08:48:03.993Z
sensor.ugreen_nas_cpu_temperature,72,2026-07-29T08:48:08.984Z
sensor.ugreen_nas_cpu_temperature,70,2026-07-29T08:48:13.970Z
sensor.ugreen_nas_cpu_temperature,76,2026-07-29T08:48:18.993Z
sensor.ugreen_nas_cpu_temperature,72,2026-07-29T08:48:23.981Z
sensor.ugreen_nas_cpu_temperature,77,2026-07-29T08:48:28.966Z
sensor.ugreen_nas_cpu_temperature,72,2026-07-29T08:48:33.967Z
sensor.ugreen_nas_cpu_temperature,69,2026-07-29T08:48:38.998Z
sensor.ugreen_nas_cpu_temperature,73,2026-07-29T08:48:43.969Z
sensor.ugreen_nas_cpu_temperature,69,2026-07-29T08:48:48.994Z
sensor.ugreen_nas_cpu_temperature,75,2026-07-29T08:48:53.985Z
sensor.ugreen_nas_cpu_temperature,71,2026-07-29T08:48:58.972Z
sensor.ugreen_nas_cpu_temperature,70,2026-07-29T08:49:03.996Z
sensor.ugreen_nas_cpu_temperature,76,2026-07-29T08:49:08.997Z
sensor.ugreen_nas_cpu_temperature,73,2026-07-29T08:49:13.969Z
sensor.ugreen_nas_cpu_temperature,69,2026-07-29T08:49:18.981Z
sensor.ugreen_nas_cpu_temperature,73,2026-07-29T08:49:24.014Z
sensor.ugreen_nas_cpu_temperature,70,2026-07-29T08:49:28.968Z
sensor.ugreen_nas_cpu_temperature,75,2026-07-29T08:49:33.993Z
sensor.ugreen_nas_cpu_temperature,79,2026-07-29T08:49:38.998Z
sensor.ugreen_nas_cpu_temperature,87,2026-07-29T08:49:43.972Z
sensor.ugreen_nas_cpu_temperature,82,2026-07-29T08:49:48.998Z
sensor.ugreen_nas_cpu_temperature,74,2026-07-29T08:49:53.972Z
sensor.ugreen_nas_cpu_temperature,92,2026-07-29T08:49:58.971Z
sensor.ugreen_nas_cpu_temperature,85,2026-07-29T08:50:03.995Z
sensor.ugreen_nas_cpu_temperature,83,2026-07-29T08:50:08.998Z
sensor.ugreen_nas_cpu_temperature,82,2026-07-29T08:50:13.972Z
sensor.ugreen_nas_cpu_temperature,86,2026-07-29T08:50:28.977Z
sensor.ugreen_nas_cpu_temperature,84,2026-07-29T08:50:33.976Z
sensor.ugreen_nas_cpu_temperature,82,2026-07-29T08:50:38.980Z
sensor.ugreen_nas_cpu_temperature,86,2026-07-29T08:50:43.980Z
sensor.ugreen_nas_cpu_temperature,83,2026-07-29T08:50:48.980Z
sensor.ugreen_nas_cpu_temperature,85,2026-07-29T08:51:03.983Z
sensor.ugreen_nas_cpu_temperature,84,2026-07-29T08:51:08.999Z
sensor.ugreen_nas_cpu_temperature,90,2026-07-29T08:51:23.988Z
sensor.ugreen_nas_cpu_temperature,85,2026-07-29T08:51:28.979Z
sensor.ugreen_nas_cpu_temperature,84,2026-07-29T08:51:33.981Z
sensor.ugreen_nas_cpu_temperature,93,2026-07-29T08:51:58.981Z
sensor.ugreen_nas_cpu_temperature,86,2026-07-29T08:52:03.980Z
sensor.ugreen_nas_cpu_temperature,85,2026-07-29T08:52:08.979Z
sensor.ugreen_nas_cpu_temperature,84,2026-07-29T08:52:13.983Z
sensor.ugreen_nas_cpu_temperature,91,2026-07-29T08:52:18.980Z
sensor.ugreen_nas_cpu_temperature,86,2026-07-29T08:52:24.011Z
sensor.ugreen_nas_cpu_temperature,84,2026-07-29T08:52:28.981Z
sensor.ugreen_nas_cpu_temperature,83,2026-07-29T08:52:43.970Z
sensor.ugreen_nas_cpu_temperature,84,2026-07-29T08:52:53.982Z
sensor.ugreen_nas_cpu_temperature,91,2026-07-29T08:53:08.975Z
sensor.ugreen_nas_cpu_temperature,86,2026-07-29T08:53:13.973Z
sensor.ugreen_nas_cpu_temperature,84,2026-07-29T08:53:18.987Z
sensor.ugreen_nas_cpu_temperature,83,2026-07-29T08:53:33.971Z
sensor.ugreen_nas_cpu_temperature,84,2026-07-29T08:53:43.975Z
sensor.ugreen_nas_cpu_temperature,93,2026-07-29T08:54:08.978Z
sensor.ugreen_nas_cpu_temperature,86,2026-07-29T08:54:13.975Z
sensor.ugreen_nas_cpu_temperature,85,2026-07-29T08:54:18.970Z
sensor.ugreen_nas_cpu_temperature,84,2026-07-29T08:54:23.987Z
sensor.ugreen_nas_cpu_temperature,91,2026-07-29T08:54:43.977Z
sensor.ugreen_nas_cpu_temperature,86,2026-07-29T08:54:48.979Z
sensor.ugreen_nas_cpu_temperature,85,2026-07-29T08:54:53.981Z
sensor.ugreen_nas_cpu_temperature,89,2026-07-29T08:55:18.995Z
sensor.ugreen_nas_cpu_temperature,86,2026-07-29T08:55:23.994Z
sensor.ugreen_nas_cpu_temperature,85,2026-07-29T08:55:28.969Z
sensor.ugreen_nas_cpu_temperature,91,2026-07-29T08:55:48.969Z
sensor.ugreen_nas_cpu_temperature,87,2026-07-29T08:55:53.977Z
sensor.ugreen_nas_cpu_temperature,85,2026-07-29T08:55:58.978Z
sensor.ugreen_nas_cpu_temperature,93,2026-07-29T08:56:23.975Z
sensor.ugreen_nas_cpu_temperature,87,2026-07-29T08:56:28.984Z
sensor.ugreen_nas_cpu_temperature,85,2026-07-29T08:56:33.971Z
sensor.ugreen_nas_cpu_temperature,84,2026-07-29T08:56:38.982Z
sensor.ugreen_nas_cpu_temperature,87,2026-07-29T08:56:43.971Z
sensor.ugreen_nas_cpu_temperature,85,2026-07-29T08:56:48.994Z
sensor.ugreen_nas_cpu_temperature,84,2026-07-29T08:56:58.971Z
sensor.ugreen_nas_cpu_temperature,85,2026-07-29T08:57:08.978Z
sensor.ugreen_nas_cpu_temperature,88,2026-07-29T08:57:33.992Z
sensor.ugreen_nas_cpu_temperature,86,2026-07-29T08:57:38.981Z
sensor.ugreen_nas_cpu_temperature,85,2026-07-29T08:57:48.983Z
sensor.ugreen_nas_cpu_temperature,94,2026-07-29T08:57:58.971Z
sensor.ugreen_nas_cpu_temperature,87,2026-07-29T08:58:03.997Z
sensor.ugreen_nas_cpu_temperature,86,2026-07-29T08:58:08.997Z
sensor.ugreen_nas_cpu_temperature,85,2026-07-29T08:58:13.987Z
sensor.ugreen_nas_cpu_temperature,86,2026-07-29T08:58:18.998Z
sensor.ugreen_nas_cpu_temperature,90,2026-07-29T08:58:23.997Z
sensor.ugreen_nas_cpu_temperature,87,2026-07-29T08:58:28.978Z
sensor.ugreen_nas_cpu_temperature,85,2026-07-29T08:58:33.984Z
sensor.ugreen_nas_cpu_temperature,94,2026-07-29T08:58:48.977Z
sensor.ugreen_nas_cpu_temperature,88,2026-07-29T08:58:53.978Z
sensor.ugreen_nas_cpu_temperature,86,2026-07-29T08:58:58.997Z
sensor.ugreen_nas_cpu_temperature,85,2026-07-29T08:59:03.969Z
sensor.ugreen_nas_cpu_temperature,89,2026-07-29T08:59:13.975Z
sensor.ugreen_nas_cpu_temperature,87,2026-07-29T08:59:18.975Z
sensor.ugreen_nas_cpu_temperature,86,2026-07-29T08:59:23.978Z
sensor.ugreen_nas_cpu_temperature,85,2026-07-29T08:59:33.975Z
sensor.ugreen_nas_cpu_temperature,90,2026-07-29T08:59:38.992Z
sensor.ugreen_nas_cpu_temperature,86,2026-07-29T08:59:43.984Z
sensor.ugreen_nas_cpu_temperature,85,2026-07-29T08:59:48.980Z
sensor.ugreen_nas_cpu_temperature,84,2026-07-29T08:59:53.979Z
sensor.ugreen_nas_cpu_temperature,90,2026-07-29T09:00:03.967Z
sensor.ugreen_nas_cpu_temperature,86,2026-07-29T09:00:08.979Z
sensor.ugreen_nas_cpu_temperature,91,2026-07-29T09:00:13.979Z
sensor.ugreen_nas_cpu_temperature,86,2026-07-29T09:00:18.978Z
sensor.ugreen_nas_cpu_temperature,85,2026-07-29T09:00:23.964Z
sensor.ugreen_nas_cpu_temperature,92,2026-07-29T09:00:43.978Z
sensor.ugreen_nas_cpu_temperature,87,2026-07-29T09:00:48.980Z
sensor.ugreen_nas_cpu_temperature,86,2026-07-29T09:00:53.977Z
sensor.ugreen_nas_cpu_temperature,85,2026-07-29T09:00:58.977Z
sensor.ugreen_nas_cpu_temperature,91,2026-07-29T09:01:18.976Z
sensor.ugreen_nas_cpu_temperature,87,2026-07-29T09:01:23.991Z
sensor.ugreen_nas_cpu_temperature,85,2026-07-29T09:01:28.968Z
sensor.ugreen_nas_cpu_temperature,93,2026-07-29T09:01:38.993Z
sensor.ugreen_nas_cpu_temperature,88,2026-07-29T09:01:43.988Z
sensor.ugreen_nas_cpu_temperature,86,2026-07-29T09:01:48.991Z
sensor.ugreen_nas_cpu_temperature,85,2026-07-29T09:01:53.978Z
sensor.ugreen_nas_cpu_temperature,88,2026-07-29T09:02:08.969Z
sensor.ugreen_nas_cpu_temperature,86,2026-07-29T09:02:13.988Z
sensor.ugreen_nas_cpu_temperature,85,2026-07-29T09:02:18.973Z
sensor.ugreen_nas_cpu_temperature,90,2026-07-29T09:02:24.077Z
sensor.ugreen_nas_cpu_temperature,86,2026-07-29T09:02:28.968Z
sensor.ugreen_nas_cpu_temperature,85,2026-07-29T09:02:33.993Z
sensor.ugreen_nas_cpu_temperature,90,2026-07-29T09:02:38.994Z
sensor.ugreen_nas_cpu_temperature,86,2026-07-29T09:02:43.972Z
sensor.ugreen_nas_cpu_temperature,84,2026-07-29T09:02:48.971Z
sensor.ugreen_nas_cpu_temperature,85,2026-07-29T09:02:53.970Z
sensor.ugreen_nas_cpu_temperature,89,2026-07-29T09:03:03.971Z
sensor.ugreen_nas_cpu_temperature,86,2026-07-29T09:03:08.993Z
sensor.ugreen_nas_cpu_temperature,84,2026-07-29T09:03:13.972Z
sensor.ugreen_nas_cpu_temperature,91,2026-07-29T09:03:28.972Z
sensor.ugreen_nas_cpu_temperature,87,2026-07-29T09:03:33.978Z
sensor.ugreen_nas_cpu_temperature,85,2026-07-29T09:03:38.977Z
sensor.ugreen_nas_cpu_temperature,84,2026-07-29T09:03:53.975Z
sensor.ugreen_nas_cpu_temperature,88,2026-07-29T09:03:58.979Z
sensor.ugreen_nas_cpu_temperature,85,2026-07-29T09:04:03.978Z
sensor.ugreen_nas_cpu_temperature,84,2026-07-29T09:04:08.976Z
sensor.ugreen_nas_cpu_temperature,87,2026-07-29T09:04:13.979Z
sensor.ugreen_nas_cpu_temperature,85,2026-07-29T09:04:18.983Z
sensor.ugreen_nas_cpu_temperature,84,2026-07-29T09:04:23.988Z
sensor.ugreen_nas_cpu_temperature,88,2026-07-29T09:04:28.975Z
sensor.ugreen_nas_cpu_temperature,85,2026-07-29T09:04:33.979Z
sensor.ugreen_nas_cpu_temperature,84,2026-07-29T09:04:38.981Z
sensor.ugreen_nas_cpu_temperature,91,2026-07-29T09:04:43.981Z
sensor.ugreen_nas_cpu_temperature,86,2026-07-29T09:04:48.995Z
sensor.ugreen_nas_cpu_temperature,84,2026-07-29T09:04:53.986Z
sensor.ugreen_nas_cpu_temperature,91,2026-07-29T09:04:58.969Z
sensor.ugreen_nas_cpu_temperature,87,2026-07-29T09:05:03.994Z
sensor.ugreen_nas_cpu_temperature,85,2026-07-29T09:05:08.994Z
sensor.ugreen_nas_cpu_temperature,88,2026-07-29T09:05:13.993Z
sensor.ugreen_nas_cpu_temperature,85,2026-07-29T09:05:18.976Z
sensor.ugreen_nas_cpu_temperature,84,2026-07-29T09:05:23.997Z
sensor.ugreen_nas_cpu_temperature,92,2026-07-29T09:05:28.975Z
sensor.ugreen_nas_cpu_temperature,87,2026-07-29T09:05:33.978Z
sensor.ugreen_nas_cpu_temperature,86,2026-07-29T09:05:38.972Z
sensor.ugreen_nas_cpu_temperature,85,2026-07-29T09:05:43.971Z
sensor.ugreen_nas_cpu_temperature,92,2026-07-29T09:06:03.980Z
sensor.ugreen_nas_cpu_temperature,87,2026-07-29T09:06:08.978Z
sensor.ugreen_nas_cpu_temperature,85,2026-07-29T09:06:13.993Z
sensor.ugreen_nas_cpu_temperature,88,2026-07-29T09:06:18.994Z
sensor.ugreen_nas_cpu_temperature,86,2026-07-29T09:06:23.978Z
sensor.ugreen_nas_cpu_temperature,84,2026-07-29T09:06:28.979Z
sensor.ugreen_nas_cpu_temperature,87,2026-07-29T09:06:33.979Z
sensor.ugreen_nas_cpu_temperature,85,2026-07-29T09:06:38.978Z
sensor.ugreen_nas_cpu_temperature,92,2026-07-29T09:06:43.978Z
sensor.ugreen_nas_cpu_temperature,87,2026-07-29T09:06:48.979Z
sensor.ugreen_nas_cpu_temperature,85,2026-07-29T09:06:53.969Z
sensor.ugreen_nas_cpu_temperature,92,2026-07-29T09:07:03.971Z
sensor.ugreen_nas_cpu_temperature,87,2026-07-29T09:07:08.975Z
sensor.ugreen_nas_cpu_temperature,83,2026-07-29T09:07:13.977Z
sensor.ugreen_nas_cpu_temperature,79,2026-07-29T09:07:18.979Z
sensor.ugreen_nas_cpu_temperature,75,2026-07-29T09:07:23.973Z
sensor.ugreen_nas_cpu_temperature,79,2026-07-29T09:07:28.992Z
sensor.ugreen_nas_cpu_temperature,75,2026-07-29T09:07:33.979Z
sensor.ugreen_nas_cpu_temperature,80,2026-07-29T09:07:38.977Z
sensor.ugreen_nas_cpu_temperature,78,2026-07-29T09:07:43.967Z
sensor.ugreen_nas_cpu_temperature,83,2026-07-29T09:07:48.966Z
sensor.ugreen_nas_cpu_temperature,78,2026-07-29T09:07:53.969Z
sensor.ugreen_nas_cpu_temperature,77,2026-07-29T09:07:58.970Z
sensor.ugreen_nas_cpu_temperature,83,2026-07-29T09:08:08.968Z
sensor.ugreen_nas_cpu_temperature,78,2026-07-29T09:08:13.992Z
sensor.ugreen_nas_cpu_temperature,76,2026-07-29T09:08:18.969Z
sensor.ugreen_nas_cpu_temperature,82,2026-07-29T09:08:23.989Z
sensor.ugreen_nas_cpu_temperature,78,2026-07-29T09:08:28.972Z
sensor.ugreen_nas_cpu_temperature,85,2026-07-29T09:08:33.974Z
sensor.ugreen_nas_cpu_temperature,79,2026-07-29T09:08:38.973Z
sensor.ugreen_nas_cpu_temperature,77,2026-07-29T09:08:43.979Z
sensor.ugreen_nas_cpu_temperature,76,2026-07-29T09:08:48.979Z
sensor.ugreen_nas_cpu_temperature,75,2026-07-29T09:08:53.975Z
sensor.ugreen_nas_cpu_temperature,80,2026-07-29T09:08:58.975Z
sensor.ugreen_nas_cpu_temperature,78,2026-07-29T09:09:03.974Z
sensor.ugreen_nas_cpu_temperature,85,2026-07-29T09:09:08.975Z
sensor.ugreen_nas_cpu_temperature,79,2026-07-29T09:09:13.982Z
sensor.ugreen_nas_cpu_temperature,77,2026-07-29T09:09:18.975Z
sensor.ugreen_nas_cpu_temperature,76,2026-07-29T09:09:23.972Z
sensor.ugreen_nas_cpu_temperature,74,2026-07-29T09:09:28.975Z
sensor.ugreen_nas_cpu_temperature,80,2026-07-29T09:09:38.973Z
sensor.ugreen_nas_cpu_temperature,77,2026-07-29T09:09:43.974Z
sensor.ugreen_nas_cpu_temperature,76,2026-07-29T09:10:03.973Z
sensor.ugreen_nas_cpu_temperature,84,2026-07-29T09:10:08.973Z
sensor.ugreen_nas_cpu_temperature,80,2026-07-29T09:10:13.967Z
sensor.ugreen_nas_cpu_temperature,78,2026-07-29T09:10:18.979Z
sensor.ugreen_nas_cpu_temperature,77,2026-07-29T09:10:23.981Z
sensor.ugreen_nas_cpu_temperature,86,2026-07-29T09:10:28.974Z
sensor.ugreen_nas_cpu_temperature,81,2026-07-29T09:10:33.979Z
sensor.ugreen_nas_cpu_temperature,80,2026-07-29T09:10:38.978Z
sensor.ugreen_nas_cpu_temperature,79,2026-07-29T09:10:43.975Z
sensor.ugreen_nas_cpu_temperature,78,2026-07-29T09:10:53.965Z
sensor.ugreen_nas_cpu_temperature,79,2026-07-29T09:11:28.971Z
sensor.ugreen_nas_cpu_temperature,78,2026-07-29T09:11:33.981Z
sensor.ugreen_nas_cpu_temperature,77,2026-07-29T09:11:38.979Z
sensor.ugreen_nas_cpu_temperature,75,2026-07-29T09:11:43.975Z
sensor.ugreen_nas_cpu_temperature,76,2026-07-29T09:11:48.975Z
sensor.ugreen_nas_cpu_temperature,74,2026-07-29T09:11:53.980Z
sensor.ugreen_nas_cpu_temperature,81,2026-07-29T09:11:58.970Z
sensor.ugreen_nas_cpu_temperature,78,2026-07-29T09:12:03.973Z
sensor.ugreen_nas_cpu_temperature,77,2026-07-29T09:12:08.971Z
sensor.ugreen_nas_cpu_temperature,75,2026-07-29T09:12:13.974Z
sensor.ugreen_nas_cpu_temperature,83,2026-07-29T09:12:18.970Z
sensor.ugreen_nas_cpu_temperature,78,2026-07-29T09:12:23.962Z
sensor.ugreen_nas_cpu_temperature,76,2026-07-29T09:12:28.976Z
sensor.ugreen_nas_cpu_temperature,72,2026-07-29T09:12:33.973Z
sensor.ugreen_nas_cpu_temperature,76,2026-07-29T09:12:38.974Z
sensor.ugreen_nas_cpu_temperature,74,2026-07-29T09:12:43.976Z
sensor.ugreen_nas_cpu_temperature,75,2026-07-29T09:12:53.964Z
sensor.ugreen_nas_cpu_temperature,79,2026-07-29T09:12:58.975Z
sensor.ugreen_nas_cpu_temperature,77,2026-07-29T09:13:03.970Z
sensor.ugreen_nas_cpu_temperature,76,2026-07-29T09:13:13.986Z
sensor.ugreen_nas_cpu_temperature,75,2026-07-29T09:13:24.022Z
sensor.ugreen_nas_cpu_temperature,83,2026-07-29T09:13:38.969Z
sensor.ugreen_nas_cpu_temperature,79,2026-07-29T09:13:43.966Z
sensor.ugreen_nas_cpu_temperature,78,2026-07-29T09:13:48.967Z
sensor.ugreen_nas_cpu_temperature,77,2026-07-29T09:13:53.967Z
sensor.ugreen_nas_cpu_temperature,76,2026-07-29T09:13:58.967Z
sensor.ugreen_nas_cpu_temperature,78,2026-07-29T09:14:03.970Z
sensor.ugreen_nas_cpu_temperature,79,2026-07-29T09:14:08.992Z
sensor.ugreen_nas_cpu_temperature,80,2026-07-29T09:14:13.966Z
sensor.ugreen_nas_cpu_temperature,78,2026-07-29T09:14:18.991Z
sensor.ugreen_nas_cpu_temperature,80,2026-07-29T09:14:23.966Z
sensor.ugreen_nas_cpu_temperature,81,2026-07-29T09:14:38.970Z
sensor.ugreen_nas_cpu_temperature,82,2026-07-29T09:14:43.997Z
sensor.ugreen_nas_cpu_temperature,81,2026-07-29T09:15:03.967Z
sensor.ugreen_nas_cpu_temperature,82,2026-07-29T09:15:24.025Z
sensor.ugreen_nas_cpu_temperature,81,2026-07-29T09:15:53.992Z
sensor.ugreen_nas_cpu_temperature,82,2026-07-29T09:16:08.993Z
sensor.ugreen_nas_cpu_temperature,81,2026-07-29T09:16:13.988Z
sensor.ugreen_nas_cpu_temperature,83,2026-07-29T09:16:33.998Z
sensor.ugreen_nas_cpu_temperature,82,2026-07-29T09:16:38.989Z
sensor.ugreen_nas_cpu_temperature,81,2026-07-29T09:16:43.995Z
sensor.ugreen_nas_cpu_temperature,79,2026-07-29T09:16:48.995Z
sensor.ugreen_nas_cpu_temperature,80,2026-07-29T09:16:53.991Z
sensor.ugreen_nas_cpu_temperature,79,2026-07-29T09:17:03.991Z
sensor.ugreen_nas_cpu_temperature,78,2026-07-29T09:17:08.993Z
sensor.ugreen_nas_cpu_temperature,76,2026-07-29T09:17:13.989Z
sensor.ugreen_nas_cpu_temperature,75,2026-07-29T09:17:18.967Z
sensor.ugreen_nas_cpu_temperature,83,2026-07-29T09:17:28.968Z
sensor.ugreen_nas_cpu_temperature,78,2026-07-29T09:17:33.990Z
sensor.ugreen_nas_cpu_temperature,77,2026-07-29T09:17:43.968Z
sensor.ugreen_nas_cpu_temperature,76,2026-07-29T09:17:58.979Z
sensor.ugreen_nas_cpu_temperature,75,2026-07-29T09:18:18.980Z
sensor.ugreen_nas_cpu_temperature,77,2026-07-29T09:18:24.017Z
sensor.ugreen_nas_cpu_temperature,76,2026-07-29T09:18:28.967Z
sensor.ugreen_nas_cpu_temperature,77,2026-07-29T09:18:33.992Z
sensor.ugreen_nas_cpu_temperature,76,2026-07-29T09:18:43.968Z
sensor.ugreen_nas_cpu_temperature,77,2026-07-29T09:18:53.967Z
sensor.ugreen_nas_cpu_temperature,76,2026-07-29T09:19:13.969Z
sensor.ugreen_nas_cpu_temperature,77,2026-07-29T09:19:23.960Z
sensor.ugreen_nas_cpu_temperature,74,2026-07-29T09:19:48.983Z
sensor.ugreen_nas_cpu_temperature,79,2026-07-29T09:19:53.989Z
sensor.ugreen_nas_cpu_temperature,77,2026-07-29T09:19:58.992Z
sensor.ugreen_nas_cpu_temperature,76,2026-07-29T09:20:03.968Z
sensor.ugreen_nas_cpu_temperature,77,2026-07-29T09:20:23.994Z
sensor.ugreen_nas_cpu_temperature,81,2026-07-29T09:20:28.990Z
sensor.ugreen_nas_cpu_temperature,85,2026-07-29T09:20:33.995Z
sensor.ugreen_nas_cpu_temperature,80,2026-07-29T09:20:38.969Z
sensor.ugreen_nas_cpu_temperature,87,2026-07-29T09:20:43.967Z
sensor.ugreen_nas_cpu_temperature,80,2026-07-29T09:20:48.975Z
sensor.ugreen_nas_cpu_temperature,87,2026-07-29T09:20:53.973Z
sensor.ugreen_nas_cpu_temperature,81,2026-07-29T09:20:58.974Z
sensor.ugreen_nas_cpu_temperature,85,2026-07-29T09:21:03.977Z
sensor.ugreen_nas_cpu_temperature,87,2026-07-29T09:21:08.968Z
sensor.ugreen_nas_cpu_temperature,80,2026-07-29T09:21:13.982Z
sensor.ugreen_nas_cpu_temperature,83,2026-07-29T09:21:18.977Z
sensor.ugreen_nas_cpu_temperature,86,2026-07-29T09:21:24.057Z
sensor.ugreen_nas_cpu_temperature,80,2026-07-29T09:21:28.978Z
sensor.ugreen_nas_cpu_temperature,77,2026-07-29T09:21:33.979Z
sensor.ugreen_nas_cpu_temperature,76,2026-07-29T09:21:38.973Z
sensor.ugreen_nas_cpu_temperature,75,2026-07-29T09:22:18.970Z
sensor.ugreen_nas_cpu_temperature,74,2026-07-29T09:22:28.985Z
sensor.ugreen_nas_cpu_temperature,83,2026-07-29T09:22:33.968Z
sensor.ugreen_nas_cpu_temperature,77,2026-07-29T09:22:38.985Z
sensor.ugreen_nas_cpu_temperature,76,2026-07-29T09:22:43.977Z
sensor.ugreen_nas_cpu_temperature,75,2026-07-29T09:23:13.968Z
sensor.ugreen_nas_cpu_temperature,81,2026-07-29T09:23:18.990Z
sensor.ugreen_nas_cpu_temperature,78,2026-07-29T09:23:23.990Z
sensor.ugreen_nas_cpu_temperature,77,2026-07-29T09:23:28.969Z
sensor.ugreen_nas_cpu_temperature,76,2026-07-29T09:23:33.983Z
sensor.ugreen_nas_cpu_temperature,75,2026-07-29T09:23:38.970Z
sensor.ugreen_nas_cpu_temperature,76,2026-07-29T09:23:43.968Z
sensor.ugreen_nas_cpu_temperature,75,2026-07-29T09:24:08.998Z
sensor.ugreen_nas_cpu_temperature,80,2026-07-29T09:24:13.993Z
sensor.ugreen_nas_cpu_temperature,78,2026-07-29T09:24:18.993Z
sensor.ugreen_nas_cpu_temperature,76,2026-07-29T09:24:23.965Z
sensor.ugreen_nas_cpu_temperature,75,2026-07-29T09:24:33.971Z
sensor.ugreen_nas_cpu_temperature,76,2026-07-29T09:24:48.968Z
sensor.ugreen_nas_cpu_temperature,75,2026-07-29T09:24:53.976Z
sensor.ugreen_nas_cpu_temperature,76,2026-07-29T09:25:03.996Z
sensor.ugreen_nas_cpu_temperature,75,2026-07-29T09:25:28.973Z
sensor.ugreen_nas_cpu_temperature,76,2026-07-29T09:25:33.968Z
sensor.ugreen_nas_cpu_temperature,79,2026-07-29T09:26:03.985Z
sensor.ugreen_nas_cpu_temperature,77,2026-07-29T09:26:13.969Z
sensor.ugreen_nas_cpu_temperature,76,2026-07-29T09:26:18.967Z
sensor.ugreen_nas_cpu_temperature,75,2026-07-29T09:26:23.966Z
sensor.ugreen_nas_cpu_temperature,76,2026-07-29T09:26:28.968Z
sensor.ugreen_nas_cpu_temperature,75,2026-07-29T09:26:33.966Z
sensor.ugreen_nas_cpu_temperature,76,2026-07-29T09:26:38.993Z
sensor.ugreen_nas_cpu_temperature,74,2026-07-29T09:26:43.990Z
sensor.ugreen_nas_cpu_temperature,72,2026-07-29T09:26:48.993Z
sensor.ugreen_nas_cpu_temperature,71,2026-07-29T09:26:53.967Z
sensor.ugreen_nas_cpu_temperature,78,2026-07-29T09:26:58.967Z
sensor.ugreen_nas_cpu_temperature,73,2026-07-29T09:27:03.967Z
sensor.ugreen_nas_cpu_temperature,74,2026-07-29T09:27:18.991Z
sensor.ugreen_nas_cpu_temperature,75,2026-07-29T09:27:24.018Z
sensor.ugreen_nas_cpu_temperature,76,2026-07-29T09:27:28.966Z
sensor.ugreen_nas_cpu_temperature,77,2026-07-29T09:27:33.967Z
sensor.ugreen_nas_cpu_temperature,76,2026-07-29T09:27:38.970Z
sensor.ugreen_nas_cpu_temperature,75,2026-07-29T09:27:43.967Z
sensor.ugreen_nas_cpu_temperature,76,2026-07-29T09:27:48.967Z
sensor.ugreen_nas_cpu_temperature,75,2026-07-29T09:27:58.970Z
sensor.ugreen_nas_cpu_temperature,78,2026-07-29T09:28:03.968Z
sensor.ugreen_nas_cpu_temperature,76,2026-07-29T09:28:08.969Z
sensor.ugreen_nas_cpu_temperature,75,2026-07-29T09:28:23.995Z
sensor.ugreen_nas_cpu_temperature,76,2026-07-29T09:28:33.993Z
sensor.ugreen_nas_cpu_temperature,75,2026-07-29T09:28:43.992Z
sensor.ugreen_nas_cpu_temperature,76,2026-07-29T09:28:53.969Z
sensor.ugreen_nas_cpu_temperature,77,2026-07-29T09:29:03.969Z
sensor.ugreen_nas_cpu_temperature,76,2026-07-29T09:29:18.971Z
sensor.ugreen_nas_cpu_temperature,77,2026-07-29T09:29:33.968Z
sensor.ugreen_nas_cpu_temperature,74,2026-07-29T09:29:48.992Z
sensor.ugreen_nas_cpu_temperature,80,2026-07-29T09:29:53.966Z
sensor.ugreen_nas_cpu_temperature,87,2026-07-29T09:29:58.990Z
sensor.ugreen_nas_cpu_temperature,81,2026-07-29T09:30:03.992Z
sensor.ugreen_nas_cpu_temperature,79,2026-07-29T09:30:08.992Z
sensor.ugreen_nas_cpu_temperature,78,2026-07-29T09:30:13.992Z
sensor.ugreen_nas_cpu_temperature,86,2026-07-29T09:30:43.974Z
sensor.ugreen_nas_cpu_temperature,81,2026-07-29T09:30:48.971Z
sensor.ugreen_nas_cpu_temperature,84,2026-07-29T09:30:53.966Z
sensor.ugreen_nas_cpu_temperature,82,2026-07-29T09:30:58.975Z
sensor.ugreen_nas_cpu_temperature,81,2026-07-29T09:31:03.972Z
sensor.ugreen_nas_cpu_temperature,80,2026-07-29T09:31:08.988Z
sensor.ugreen_nas_cpu_temperature,81,2026-07-29T09:31:43.979Z
sensor.ugreen_nas_cpu_temperature,80,2026-07-29T09:31:48.969Z
sensor.ugreen_nas_cpu_temperature,83,2026-07-29T09:31:53.966Z
sensor.ugreen_nas_cpu_temperature,82,2026-07-29T09:31:58.969Z
sensor.ugreen_nas_cpu_temperature,80,2026-07-29T09:32:03.991Z
sensor.ugreen_nas_cpu_temperature,84,2026-07-29T09:32:13.991Z
sensor.ugreen_nas_cpu_temperature,81,2026-07-29T09:32:18.993Z
sensor.ugreen_nas_cpu_temperature,80,2026-07-29T09:32:23.994Z
sensor.ugreen_nas_cpu_temperature,79,2026-07-29T09:32:29.047Z
sensor.ugreen_nas_cpu_temperature,83,2026-07-29T09:32:33.995Z
sensor.ugreen_nas_cpu_temperature,81,2026-07-29T09:32:38.996Z
sensor.ugreen_nas_cpu_temperature,80,2026-07-29T09:32:43.969Z
sensor.ugreen_nas_cpu_temperature,89,2026-07-29T09:32:48.997Z
sensor.ugreen_nas_cpu_temperature,83,2026-07-29T09:32:53.969Z
sensor.ugreen_nas_cpu_temperature,81,2026-07-29T09:32:58.971Z
sensor.ugreen_nas_cpu_temperature,80,2026-07-29T09:33:03.983Z
sensor.ugreen_nas_cpu_temperature,81,2026-07-29T09:33:38.970Z
sensor.ugreen_nas_cpu_temperature,80,2026-07-29T09:33:53.978Z
sensor.ugreen_nas_cpu_temperature,81,2026-07-29T09:33:58.977Z
sensor.ugreen_nas_cpu_temperature,80,2026-07-29T09:34:03.977Z
sensor.ugreen_nas_cpu_temperature,87,2026-07-29T09:34:08.976Z
sensor.ugreen_nas_cpu_temperature,82,2026-07-29T09:34:13.971Z
sensor.ugreen_nas_cpu_temperature,85,2026-07-29T09:34:18.978Z
sensor.ugreen_nas_cpu_temperature,83,2026-07-29T09:34:23.975Z
sensor.ugreen_nas_cpu_temperature,81,2026-07-29T09:34:28.973Z
sensor.ugreen_nas_cpu_temperature,79,2026-07-29T09:34:33.978Z
sensor.ugreen_nas_cpu_temperature,81,2026-07-29T09:34:58.967Z
sensor.ugreen_nas_cpu_temperature,80,2026-07-29T09:35:08.976Z
sensor.ugreen_nas_cpu_temperature,79,2026-07-29T09:35:18.979Z
sensor.ugreen_nas_cpu_temperature,80,2026-07-29T09:35:23.975Z
sensor.ugreen_nas_cpu_temperature,76,2026-07-29T09:35:33.990Z
sensor.ugreen_nas_cpu_temperature,69,2026-07-29T09:35:38.987Z
sensor.ugreen_nas_cpu_temperature,77,2026-07-29T09:35:43.966Z
sensor.ugreen_nas_cpu_temperature,69,2026-07-29T09:35:48.980Z
sensor.ugreen_nas_cpu_temperature,67,2026-07-29T09:35:53.967Z
sensor.ugreen_nas_cpu_temperature,66,2026-07-29T09:36:18.972Z
sensor.ugreen_nas_cpu_temperature,70,2026-07-29T09:36:23.973Z
sensor.ugreen_nas_cpu_temperature,66,2026-07-29T09:36:28.975Z
sensor.ugreen_nas_cpu_temperature,74,2026-07-29T09:36:38.975Z
sensor.ugreen_nas_cpu_temperature,67,2026-07-29T09:36:43.967Z
sensor.ugreen_nas_cpu_temperature,66,2026-07-29T09:36:48.967Z
sensor.ugreen_nas_cpu_temperature,69,2026-07-29T09:37:03.978Z
sensor.ugreen_nas_cpu_temperature,65,2026-07-29T09:37:08.977Z
sensor.ugreen_nas_cpu_temperature,73,2026-07-29T09:37:38.968Z
sensor.ugreen_nas_cpu_temperature,65,2026-07-29T09:37:43.966Z
sensor.ugreen_nas_cpu_temperature,64,2026-07-29T09:37:48.973Z
sensor.ugreen_nas_cpu_temperature,72,2026-07-29T09:38:23.962Z
sensor.ugreen_nas_cpu_temperature,65,2026-07-29T09:38:28.969Z
sensor.ugreen_nas_cpu_temperature,64,2026-07-29T09:38:33.994Z
sensor.ugreen_nas_cpu_temperature,73,2026-07-29T09:38:38.977Z
sensor.ugreen_nas_cpu_temperature,65,2026-07-29T09:38:43.988Z
sensor.ugreen_nas_cpu_temperature,64,2026-07-29T09:38:48.969Z
sensor.ugreen_nas_cpu_temperature,67,2026-07-29T09:39:03.967Z
sensor.ugreen_nas_cpu_temperature,64,2026-07-29T09:39:08.967Z
sensor.ugreen_nas_cpu_temperature,63,2026-07-29T09:39:13.969Z
sensor.ugreen_nas_cpu_temperature,64,2026-07-29T09:39:23.969Z
sensor.ugreen_nas_cpu_temperature,63,2026-07-29T09:39:43.976Z
sensor.ugreen_nas_cpu_temperature,71,2026-07-29T09:39:48.974Z
sensor.ugreen_nas_cpu_temperature,64,2026-07-29T09:39:53.978Z
sensor.ugreen_nas_cpu_temperature,63,2026-07-29T09:39:58.974Z
sensor.ugreen_nas_cpu_temperature,71,2026-07-29T09:40:33.990Z
sensor.ugreen_nas_cpu_temperature,64,2026-07-29T09:40:38.970Z
sensor.ugreen_nas_cpu_temperature,63,2026-07-29T09:40:43.969Z
sensor.ugreen_nas_cpu_temperature,68,2026-07-29T09:41:03.973Z
sensor.ugreen_nas_cpu_temperature,63,2026-07-29T09:41:08.973Z
sensor.ugreen_nas_cpu_temperature,71,2026-07-29T09:41:38.993Z
sensor.ugreen_nas_cpu_temperature,63,2026-07-29T09:41:43.985Z
sensor.ugreen_nas_cpu_temperature,65,2026-07-29T09:42:18.974Z
sensor.ugreen_nas_cpu_temperature,72,2026-07-29T09:42:23.970Z
sensor.ugreen_nas_cpu_temperature,64,2026-07-29T09:42:28.966Z
sensor.ugreen_nas_cpu_temperature,63,2026-07-29T09:42:33.969Z
sensor.ugreen_nas_cpu_temperature,62,2026-07-29T09:43:03.969Z
sensor.ugreen_nas_cpu_temperature,63,2026-07-29T09:43:48.992Z
sensor.ugreen_nas_cpu_temperature,79,2026-07-29T09:44:08.995Z
sensor.ugreen_nas_cpu_temperature,84,2026-07-29T09:44:13.988Z
sensor.ugreen_nas_cpu_temperature,82,2026-07-29T09:44:18.998Z
sensor.ugreen_nas_cpu_temperature,80,2026-07-29T09:44:23.999Z
sensor.ugreen_nas_cpu_temperature,79,2026-07-29T09:44:28.970Z
sensor.ugreen_nas_cpu_temperature,84,2026-07-29T09:44:33.993Z
sensor.ugreen_nas_cpu_temperature,81,2026-07-29T09:44:38.984Z
sensor.ugreen_nas_cpu_temperature,88,2026-07-29T09:44:43.995Z
sensor.ugreen_nas_cpu_temperature,84,2026-07-29T09:44:48.998Z
sensor.ugreen_nas_cpu_temperature,81,2026-07-29T09:44:53.997Z
sensor.ugreen_nas_cpu_temperature,80,2026-07-29T09:44:58.971Z
sensor.ugreen_nas_cpu_temperature,86,2026-07-29T09:45:03.970Z
sensor.ugreen_nas_cpu_temperature,82,2026-07-29T09:45:08.979Z
sensor.ugreen_nas_cpu_temperature,89,2026-07-29T09:45:13.972Z
sensor.ugreen_nas_cpu_temperature,84,2026-07-29T09:45:18.995Z
sensor.ugreen_nas_cpu_temperature,82,2026-07-29T09:45:23.965Z
sensor.ugreen_nas_cpu_temperature,89,2026-07-29T09:45:28.984Z
sensor.ugreen_nas_cpu_temperature,84,2026-07-29T09:45:33.975Z
sensor.ugreen_nas_cpu_temperature,82,2026-07-29T09:45:38.973Z
sensor.ugreen_nas_cpu_temperature,81,2026-07-29T09:45:43.978Z
sensor.ugreen_nas_cpu_temperature,85,2026-07-29T09:45:48.977Z
sensor.ugreen_nas_cpu_temperature,83,2026-07-29T09:45:53.982Z
sensor.ugreen_nas_cpu_temperature,87,2026-07-29T09:45:58.977Z
sensor.ugreen_nas_cpu_temperature,83,2026-07-29T09:46:03.983Z
sensor.ugreen_nas_cpu_temperature,90,2026-07-29T09:46:08.982Z
sensor.ugreen_nas_cpu_temperature,84,2026-07-29T09:46:13.979Z
sensor.ugreen_nas_cpu_temperature,82,2026-07-29T09:46:18.978Z
sensor.ugreen_nas_cpu_temperature,81,2026-07-29T09:46:23.979Z
sensor.ugreen_nas_cpu_temperature,86,2026-07-29T09:46:28.983Z
sensor.ugreen_nas_cpu_temperature,83,2026-07-29T09:46:33.975Z
sensor.ugreen_nas_cpu_temperature,89,2026-07-29T09:46:38.971Z
sensor.ugreen_nas_cpu_temperature,84,2026-07-29T09:46:43.975Z
sensor.ugreen_nas_cpu_temperature,82,2026-07-29T09:46:48.979Z
sensor.ugreen_nas_cpu_temperature,86,2026-07-29T09:46:53.976Z
sensor.ugreen_nas_cpu_temperature,82,2026-07-29T09:46:58.976Z
sensor.ugreen_nas_cpu_temperature,81,2026-07-29T09:47:03.976Z
sensor.ugreen_nas_cpu_temperature,86,2026-07-29T09:47:08.979Z
sensor.ugreen_nas_cpu_temperature,83,2026-07-29T09:47:13.980Z
sensor.ugreen_nas_cpu_temperature,82,2026-07-29T09:47:18.996Z
sensor.ugreen_nas_cpu_temperature,86,2026-07-29T09:47:28.968Z
sensor.ugreen_nas_cpu_temperature,91,2026-07-29T09:47:33.993Z
sensor.ugreen_nas_cpu_temperature,87,2026-07-29T09:47:38.995Z
sensor.ugreen_nas_cpu_temperature,84,2026-07-29T09:47:43.972Z
sensor.ugreen_nas_cpu_temperature,83,2026-07-29T09:47:48.996Z
sensor.ugreen_nas_cpu_temperature,89,2026-07-29T09:47:53.969Z
sensor.ugreen_nas_cpu_temperature,84,2026-07-29T09:47:58.994Z
sensor.ugreen_nas_cpu_temperature,82,2026-07-29T09:48:03.993Z
sensor.ugreen_nas_cpu_temperature,91,2026-07-29T09:48:08.970Z
sensor.ugreen_nas_cpu_temperature,85,2026-07-29T09:48:13.993Z
sensor.ugreen_nas_cpu_temperature,92,2026-07-29T09:48:18.993Z
sensor.ugreen_nas_cpu_temperature,86,2026-07-29T09:48:23.992Z
sensor.ugreen_nas_cpu_temperature,83,2026-07-29T09:48:28.979Z
sensor.ugreen_nas_cpu_temperature,82,2026-07-29T09:48:33.982Z
sensor.ugreen_nas_cpu_temperature,86,2026-07-29T09:48:43.974Z
sensor.ugreen_nas_cpu_temperature,84,2026-07-29T09:48:48.983Z
sensor.ugreen_nas_cpu_temperature,88,2026-07-29T09:48:53.993Z
sensor.ugreen_nas_cpu_temperature,84,2026-07-29T09:48:58.970Z
sensor.ugreen_nas_cpu_temperature,82,2026-07-29T09:49:03.979Z
sensor.ugreen_nas_cpu_temperature,87,2026-07-29T09:49:08.992Z
sensor.ugreen_nas_cpu_temperature,84,2026-07-29T09:49:13.986Z
sensor.ugreen_nas_cpu_temperature,83,2026-07-29T09:49:18.986Z
sensor.ugreen_nas_cpu_temperature,88,2026-07-29T09:49:23.994Z
sensor.ugreen_nas_cpu_temperature,84,2026-07-29T09:49:28.967Z
sensor.ugreen_nas_cpu_temperature,83,2026-07-29T09:49:33.985Z
sensor.ugreen_nas_cpu_temperature,87,2026-07-29T09:49:38.984Z
sensor.ugreen_nas_cpu_temperature,84,2026-07-29T09:49:43.971Z
sensor.ugreen_nas_cpu_temperature,83,2026-07-29T09:49:48.985Z
sensor.ugreen_nas_cpu_temperature,82,2026-07-29T09:49:53.980Z
sensor.ugreen_nas_cpu_temperature,86,2026-07-29T09:49:58.971Z
sensor.ugreen_nas_cpu_temperature,83,2026-07-29T09:50:03.968Z
sensor.ugreen_nas_cpu_temperature,88,2026-07-29T09:50:08.970Z
sensor.ugreen_nas_cpu_temperature,84,2026-07-29T09:50:13.994Z
sensor.ugreen_nas_cpu_temperature,83,2026-07-29T09:50:18.970Z
sensor.ugreen_nas_cpu_temperature,88,2026-07-29T09:50:23.969Z
sensor.ugreen_nas_cpu_temperature,85,2026-07-29T09:50:28.988Z
sensor.ugreen_nas_cpu_temperature,83,2026-07-29T09:50:33.994Z
sensor.ugreen_nas_cpu_temperature,88,2026-07-29T09:50:38.986Z
sensor.ugreen_nas_cpu_temperature,84,2026-07-29T09:50:43.992Z
sensor.ugreen_nas_cpu_temperature,82,2026-07-29T09:50:48.993Z
sensor.ugreen_nas_cpu_temperature,88,2026-07-29T09:50:53.968Z
sensor.ugreen_nas_cpu_temperature,84,2026-07-29T09:50:58.970Z
sensor.ugreen_nas_cpu_temperature,88,2026-07-29T09:51:03.974Z
sensor.ugreen_nas_cpu_temperature,84,2026-07-29T09:51:08.988Z
sensor.ugreen_nas_cpu_temperature,91,2026-07-29T09:51:23.990Z
sensor.ugreen_nas_cpu_temperature,86,2026-07-29T09:51:28.992Z
sensor.ugreen_nas_cpu_temperature,83,2026-07-29T09:51:33.983Z
sensor.ugreen_nas_cpu_temperature,82,2026-07-29T09:51:38.977Z
sensor.ugreen_nas_cpu_temperature,87,2026-07-29T09:51:43.992Z
sensor.ugreen_nas_cpu_temperature,85,2026-07-29T09:51:48.994Z
sensor.ugreen_nas_cpu_temperature,92,2026-07-29T09:51:53.992Z
sensor.ugreen_nas_cpu_temperature,86,2026-07-29T09:51:58.994Z
sensor.ugreen_nas_cpu_temperature,84,2026-07-29T09:52:03.980Z
sensor.ugreen_nas_cpu_temperature,88,2026-07-29T09:52:08.980Z
sensor.ugreen_nas_cpu_temperature,84,2026-07-29T09:52:13.968Z
sensor.ugreen_nas_cpu_temperature,83,2026-07-29T09:52:18.972Z
sensor.ugreen_nas_cpu_temperature,88,2026-07-29T09:52:23.996Z
sensor.ugreen_nas_cpu_temperature,85,2026-07-29T09:52:28.972Z
sensor.ugreen_nas_cpu_temperature,83,2026-07-29T09:52:33.993Z
sensor.ugreen_nas_cpu_temperature,90,2026-07-29T09:52:38.995Z
sensor.ugreen_nas_cpu_temperature,85,2026-07-29T09:52:43.970Z
sensor.ugreen_nas_cpu_temperature,83,2026-07-29T09:52:48.994Z
sensor.ugreen_nas_cpu_temperature,90,2026-07-29T09:52:53.993Z
sensor.ugreen_nas_cpu_temperature,85,2026-07-29T09:52:58.980Z
sensor.ugreen_nas_cpu_temperature,83,2026-07-29T09:53:03.979Z
sensor.ugreen_nas_cpu_temperature,91,2026-07-29T09:53:13.973Z
sensor.ugreen_nas_cpu_temperature,87,2026-07-29T09:53:18.976Z
sensor.ugreen_nas_cpu_temperature,85,2026-07-29T09:53:23.980Z
sensor.ugreen_nas_cpu_temperature,84,2026-07-29T09:53:28.997Z
sensor.ugreen_nas_cpu_temperature,89,2026-07-29T09:53:33.982Z
sensor.ugreen_nas_cpu_temperature,85,2026-07-29T09:53:38.979Z
sensor.ugreen_nas_cpu_temperature,84,2026-07-29T09:53:43.995Z
sensor.ugreen_nas_cpu_temperature,89,2026-07-29T09:53:53.986Z
sensor.ugreen_nas_cpu_temperature,86,2026-07-29T09:53:58.969Z
sensor.ugreen_nas_cpu_temperature,90,2026-07-29T09:54:03.995Z
sensor.ugreen_nas_cpu_temperature,86,2026-07-29T09:54:08.993Z
sensor.ugreen_nas_cpu_temperature,93,2026-07-29T09:54:13.996Z
sensor.ugreen_nas_cpu_temperature,87,2026-07-29T09:54:18.996Z
sensor.ugreen_nas_cpu_temperature,85,2026-07-29T09:54:23.994Z
sensor.ugreen_nas_cpu_temperature,89,2026-07-29T09:54:38.992Z
sensor.ugreen_nas_cpu_temperature,86,2026-07-29T09:54:43.977Z
sensor.ugreen_nas_cpu_temperature,85,2026-07-29T09:54:48.995Z
sensor.ugreen_nas_cpu_temperature,92,2026-07-29T09:54:58.970Z
sensor.ugreen_nas_cpu_temperature,87,2026-07-29T09:55:03.987Z
sensor.ugreen_nas_cpu_temperature,85,2026-07-29T09:55:09.000Z
sensor.ugreen_nas_cpu_temperature,91,2026-07-29T09:55:13.972Z
sensor.ugreen_nas_cpu_temperature,86,2026-07-29T09:55:18.992Z
sensor.ugreen_nas_cpu_temperature,84,2026-07-29T09:55:23.970Z
sensor.ugreen_nas_cpu_temperature,93,2026-07-29T09:55:29.004Z
sensor.ugreen_nas_cpu_temperature,87,2026-07-29T09:55:33.977Z
sensor.ugreen_nas_cpu_temperature,85,2026-07-29T09:55:38.974Z
sensor.ugreen_nas_cpu_temperature,84,2026-07-29T09:55:43.973Z
sensor.ugreen_nas_cpu_temperature,89,2026-07-29T09:55:58.969Z
sensor.ugreen_nas_cpu_temperature,85,2026-07-29T09:56:03.970Z
sensor.ugreen_nas_cpu_temperature,92,2026-07-29T09:56:08.994Z
sensor.ugreen_nas_cpu_temperature,87,2026-07-29T09:56:13.972Z
sensor.ugreen_nas_cpu_temperature,85,2026-07-29T09:56:18.992Z
sensor.ugreen_nas_cpu_temperature,84,2026-07-29T09:56:23.993Z
sensor.ugreen_nas_cpu_temperature,93,2026-07-29T09:56:28.974Z
sensor.ugreen_nas_cpu_temperature,88,2026-07-29T09:56:33.981Z
sensor.ugreen_nas_cpu_temperature,85,2026-07-29T09:56:38.993Z
sensor.ugreen_nas_cpu_temperature,84,2026-07-29T09:56:48.981Z
sensor.ugreen_nas_cpu_temperature,88,2026-07-29T09:56:53.988Z
sensor.ugreen_nas_cpu_temperature,84,2026-07-29T09:57:04.005Z
sensor.ugreen_nas_cpu_temperature,91,2026-07-29T09:57:13.978Z
sensor.ugreen_nas_cpu_temperature,86,2026-07-29T09:57:18.976Z
sensor.ugreen_nas_cpu_temperature,84,2026-07-29T09:57:23.982Z
sensor.ugreen_nas_cpu_temperature,85,2026-07-29T09:57:33.976Z
sensor.ugreen_nas_cpu_temperature,93,2026-07-29T09:57:38.977Z
sensor.ugreen_nas_cpu_temperature,84,2026-07-29T09:57:48.979Z
sensor.ugreen_nas_cpu_temperature,91,2026-07-29T09:57:53.997Z
sensor.ugreen_nas_cpu_temperature,85,2026-07-29T09:57:58.974Z
sensor.ugreen_nas_cpu_temperature,89,2026-07-29T09:58:03.986Z
sensor.ugreen_nas_cpu_temperature,85,2026-07-29T09:58:08.967Z
sensor.ugreen_nas_cpu_temperature,88,2026-07-29T09:58:13.973Z
sensor.ugreen_nas_cpu_temperature,93,2026-07-29T09:58:18.993Z
sensor.ugreen_nas_cpu_temperature,86,2026-07-29T09:58:23.973Z
sensor.ugreen_nas_cpu_temperature,84,2026-07-29T09:58:28.973Z
sensor.ugreen_nas_cpu_temperature,83,2026-07-29T09:58:33.970Z
sensor.ugreen_nas_cpu_temperature,87,2026-07-29T09:58:38.970Z
sensor.ugreen_nas_cpu_temperature,84,2026-07-29T09:58:43.968Z
sensor.ugreen_nas_cpu_temperature,93,2026-07-29T09:58:48.972Z
sensor.ugreen_nas_cpu_temperature,86,2026-07-29T09:58:53.975Z
sensor.ugreen_nas_cpu_temperature,84,2026-07-29T09:58:58.964Z
sensor.ugreen_nas_cpu_temperature,89,2026-07-29T09:59:03.975Z
sensor.ugreen_nas_cpu_temperature,85,2026-07-29T09:59:08.994Z
sensor.ugreen_nas_cpu_temperature,83,2026-07-29T09:59:13.994Z
sensor.ugreen_nas_cpu_temperature,92,2026-07-29T09:59:23.969Z
sensor.ugreen_nas_cpu_temperature,87,2026-07-29T09:59:28.965Z
sensor.ugreen_nas_cpu_temperature,92,2026-07-29T09:59:33.969Z
sensor.ugreen_nas_cpu_temperature,87,2026-07-29T09:59:38.971Z
sensor.ugreen_nas_cpu_temperature,85,2026-07-29T09:59:43.993Z
sensor.ugreen_nas_cpu_temperature,90,2026-07-29T09:59:53.970Z
sensor.ugreen_nas_cpu_temperature,86,2026-07-29T09:59:58.970Z
sensor.ugreen_nas_cpu_temperature,84,2026-07-29T10:00:03.995Z
sensor.ugreen_nas_cpu_temperature,87,2026-07-29T10:00:08.987Z
sensor.ugreen_nas_cpu_temperature,91,2026-07-29T10:00:13.996Z
sensor.ugreen_nas_cpu_temperature,86,2026-07-29T10:00:18.972Z
sensor.ugreen_nas_cpu_temperature,84,2026-07-29T10:00:23.970Z
sensor.ugreen_nas_cpu_temperature,83,2026-07-29T10:00:28.966Z
sensor.ugreen_nas_cpu_temperature,88,2026-07-29T10:00:33.971Z
sensor.ugreen_nas_cpu_temperature,85,2026-07-29T10:00:38.985Z
sensor.ugreen_nas_cpu_temperature,84,2026-07-29T10:00:43.995Z
sensor.ugreen_nas_cpu_temperature,83,2026-07-29T10:00:48.994Z
sensor.ugreen_nas_cpu_temperature,91,2026-07-29T10:00:53.995Z
sensor.ugreen_nas_cpu_temperature,86,2026-07-29T10:00:58.968Z
sensor.ugreen_nas_cpu_temperature,84,2026-07-29T10:01:03.969Z
sensor.ugreen_nas_cpu_temperature,87,2026-07-29T10:01:08.987Z
sensor.ugreen_nas_cpu_temperature,84,2026-07-29T10:01:13.992Z
sensor.ugreen_nas_cpu_temperature,89,2026-07-29T10:01:18.977Z
sensor.ugreen_nas_cpu_temperature,85,2026-07-29T10:01:23.976Z
sensor.ugreen_nas_cpu_temperature,91,2026-07-29T10:01:28.967Z
sensor.ugreen_nas_cpu_temperature,86,2026-07-29T10:01:33.977Z
sensor.ugreen_nas_cpu_temperature,93,2026-07-29T10:01:38.977Z
sensor.ugreen_nas_cpu_temperature,87,2026-07-29T10:01:43.980Z
sensor.ugreen_nas_cpu_temperature,85,2026-07-29T10:01:48.976Z
sensor.ugreen_nas_cpu_temperature,91,2026-07-29T10:01:53.979Z
sensor.ugreen_nas_cpu_temperature,86,2026-07-29T10:01:58.971Z
sensor.ugreen_nas_cpu_temperature,84,2026-07-29T10:02:03.993Z
sensor.ugreen_nas_cpu_temperature,83,2026-07-29T10:02:08.974Z
sensor.ugreen_nas_cpu_temperature,90,2026-07-29T10:02:18.982Z
sensor.ugreen_nas_cpu_temperature,86,2026-07-29T10:02:23.970Z
sensor.ugreen_nas_cpu_temperature,91,2026-07-29T10:02:28.967Z
sensor.ugreen_nas_cpu_temperature,86,2026-07-29T10:02:33.994Z
sensor.ugreen_nas_cpu_temperature,92,2026-07-29T10:02:38.972Z
sensor.ugreen_nas_cpu_temperature,86,2026-07-29T10:02:43.995Z
sensor.ugreen_nas_cpu_temperature,93,2026-07-29T10:02:48.968Z
sensor.ugreen_nas_cpu_temperature,87,2026-07-29T10:02:53.970Z
sensor.ugreen_nas_cpu_temperature,85,2026-07-29T10:02:58.970Z
sensor.ugreen_nas_cpu_temperature,92,2026-07-29T10:03:08.976Z
sensor.ugreen_nas_cpu_temperature,87,2026-07-29T10:03:13.995Z
sensor.ugreen_nas_cpu_temperature,84,2026-07-29T10:03:19.000Z
sensor.ugreen_nas_cpu_temperature,89,2026-07-29T10:03:28.977Z
sensor.ugreen_nas_cpu_temperature,85,2026-07-29T10:03:33.996Z
sensor.ugreen_nas_cpu_temperature,89,2026-07-29T10:03:38.987Z
sensor.ugreen_nas_cpu_temperature,85,2026-07-29T10:03:43.988Z
sensor.ugreen_nas_cpu_temperature,83,2026-07-29T10:03:48.971Z
sensor.ugreen_nas_cpu_temperature,89,2026-07-29T10:03:53.972Z
sensor.ugreen_nas_cpu_temperature,85,2026-07-29T10:03:58.971Z
sensor.ugreen_nas_cpu_temperature,89,2026-07-29T10:04:03.996Z
sensor.ugreen_nas_cpu_temperature,86,2026-07-29T10:04:08.996Z
sensor.ugreen_nas_cpu_temperature,84,2026-07-29T10:04:13.968Z
sensor.ugreen_nas_cpu_temperature,92,2026-07-29T10:04:18.996Z
sensor.ugreen_nas_cpu_temperature,87,2026-07-29T10:04:23.970Z
sensor.ugreen_nas_cpu_temperature,85,2026-07-29T10:04:29.044Z
sensor.ugreen_nas_cpu_temperature,91,2026-07-29T10:04:33.969Z
sensor.ugreen_nas_cpu_temperature,86,2026-07-29T10:04:38.994Z
sensor.ugreen_nas_cpu_temperature,84,2026-07-29T10:04:43.983Z
sensor.ugreen_nas_cpu_temperature,91,2026-07-29T10:04:48.984Z
sensor.ugreen_nas_cpu_temperature,87,2026-07-29T10:04:53.995Z
sensor.ugreen_nas_cpu_temperature,84,2026-07-29T10:04:58.977Z
sensor.ugreen_nas_cpu_temperature,87,2026-07-29T10:05:08.978Z
sensor.ugreen_nas_cpu_temperature,93,2026-07-29T10:05:13.981Z
sensor.ugreen_nas_cpu_temperature,87,2026-07-29T10:05:18.984Z
sensor.ugreen_nas_cpu_temperature,85,2026-07-29T10:05:23.979Z
sensor.ugreen_nas_cpu_temperature,89,2026-07-29T10:05:28.982Z
sensor.ugreen_nas_cpu_temperature,85,2026-07-29T10:05:33.978Z
sensor.ugreen_nas_cpu_temperature,84,2026-07-29T10:05:38.995Z
sensor.ugreen_nas_cpu_temperature,91,2026-07-29T10:05:43.977Z
sensor.ugreen_nas_cpu_temperature,86,2026-07-29T10:05:48.978Z
sensor.ugreen_nas_cpu_temperature,84,2026-07-29T10:05:58.979Z
sensor.ugreen_nas_cpu_temperature,92,2026-07-29T10:06:03.977Z
sensor.ugreen_nas_cpu_temperature,87,2026-07-29T10:06:08.977Z
sensor.ugreen_nas_cpu_temperature,85,2026-07-29T10:06:13.982Z
sensor.ugreen_nas_cpu_temperature,93,2026-07-29T10:06:18.978Z
sensor.ugreen_nas_cpu_temperature,88,2026-07-29T10:06:23.979Z
sensor.ugreen_nas_cpu_temperature,85,2026-07-29T10:06:28.981Z
sensor.ugreen_nas_cpu_temperature,84,2026-07-29T10:06:33.993Z
sensor.ugreen_nas_cpu_temperature,92,2026-07-29T10:06:48.979Z
sensor.ugreen_nas_cpu_temperature,87,2026-07-29T10:06:53.979Z
sensor.ugreen_nas_cpu_temperature,85,2026-07-29T10:06:58.973Z
sensor.ugreen_nas_cpu_temperature,89,2026-07-29T10:07:03.993Z
sensor.ugreen_nas_cpu_temperature,86,2026-07-29T10:07:08.994Z
sensor.ugreen_nas_cpu_temperature,84,2026-07-29T10:07:13.985Z
sensor.ugreen_nas_cpu_temperature,83,2026-07-29T10:07:23.979Z
sensor.ugreen_nas_cpu_temperature,88,2026-07-29T10:07:28.981Z
sensor.ugreen_nas_cpu_temperature,85,2026-07-29T10:07:33.977Z
sensor.ugreen_nas_cpu_temperature,87,2026-07-29T10:07:43.978Z
sensor.ugreen_nas_cpu_temperature,85,2026-07-29T10:07:48.978Z
sensor.ugreen_nas_cpu_temperature,88,2026-07-29T10:07:53.976Z
sensor.ugreen_nas_cpu_temperature,85,2026-07-29T10:07:58.977Z
sensor.ugreen_nas_cpu_temperature,91,2026-07-29T10:08:03.979Z
sensor.ugreen_nas_cpu_temperature,86,2026-07-29T10:08:08.975Z
sensor.ugreen_nas_cpu_temperature,84,2026-07-29T10:08:13.976Z
sensor.ugreen_nas_cpu_temperature,83,2026-07-29T10:08:18.977Z
sensor.ugreen_nas_cpu_temperature,89,2026-07-29T10:08:23.974Z
sensor.ugreen_nas_cpu_temperature,86,2026-07-29T10:08:28.979Z
sensor.ugreen_nas_cpu_temperature,84,2026-07-29T10:08:33.979Z
sensor.ugreen_nas_cpu_temperature,88,2026-07-29T10:08:38.979Z
sensor.ugreen_nas_cpu_temperature,85,2026-07-29T10:08:43.978Z
sensor.ugreen_nas_cpu_temperature,89,2026-07-29T10:08:48.977Z
sensor.ugreen_nas_cpu_temperature,85,2026-07-29T10:08:53.976Z
sensor.ugreen_nas_cpu_temperature,84,2026-07-29T10:08:58.965Z
sensor.ugreen_nas_cpu_temperature,88,2026-07-29T10:09:03.975Z
sensor.ugreen_nas_cpu_temperature,93,2026-07-29T10:09:08.980Z
sensor.ugreen_nas_cpu_temperature,88,2026-07-29T10:09:13.976Z
sensor.ugreen_nas_cpu_temperature,85,2026-07-29T10:09:18.976Z
sensor.ugreen_nas_cpu_temperature,90,2026-07-29T10:09:23.976Z
sensor.ugreen_nas_cpu_temperature,86,2026-07-29T10:09:28.975Z
sensor.ugreen_nas_cpu_temperature,90,2026-07-29T10:09:33.978Z
sensor.ugreen_nas_cpu_temperature,85,2026-07-29T10:09:38.970Z
sensor.ugreen_nas_cpu_temperature,93,2026-07-29T10:09:48.981Z
sensor.ugreen_nas_cpu_temperature,86,2026-07-29T10:09:53.991Z
sensor.ugreen_nas_cpu_temperature,84,2026-07-29T10:09:58.979Z
sensor.ugreen_nas_cpu_temperature,85,2026-07-29T10:10:38.970Z
sensor.ugreen_nas_cpu_temperature,86,2026-07-29T10:11:13.994Z
sensor.ugreen_nas_cpu_temperature,78,2026-07-29T10:11:48.992Z
sensor.ugreen_nas_cpu_temperature,86,2026-07-29T10:11:53.968Z
sensor.ugreen_nas_cpu_temperature,90,2026-07-29T10:11:58.991Z
sensor.ugreen_nas_cpu_temperature,87,2026-07-29T10:12:03.972Z
sensor.ugreen_nas_cpu_temperature,92,2026-07-29T10:12:08.973Z
sensor.ugreen_nas_cpu_temperature,86,2026-07-29T10:12:13.972Z
sensor.ugreen_nas_cpu_temperature,84,2026-07-29T10:12:18.972Z
sensor.ugreen_nas_cpu_temperature,85,2026-07-29T10:12:38.984Z
sensor.ugreen_nas_cpu_temperature,86,2026-07-29T10:13:08.971Z
sensor.ugreen_nas_cpu_temperature,91,2026-07-29T10:13:13.972Z
sensor.ugreen_nas_cpu_temperature,86,2026-07-29T10:13:18.999Z
sensor.ugreen_nas_cpu_temperature,92,2026-07-29T10:13:23.968Z
sensor.ugreen_nas_cpu_temperature,87,2026-07-29T10:13:28.980Z
sensor.ugreen_nas_cpu_temperature,86,2026-07-29T10:13:33.973Z
sensor.ugreen_nas_cpu_temperature,85,2026-07-29T10:13:58.995Z
sensor.ugreen_nas_cpu_temperature,86,2026-07-29T10:14:03.971Z
sensor.ugreen_nas_cpu_temperature,92,2026-07-29T10:14:23.994Z
sensor.ugreen_nas_cpu_temperature,87,2026-07-29T10:14:28.979Z
sensor.ugreen_nas_cpu_temperature,86,2026-07-29T10:14:33.974Z
sensor.ugreen_nas_cpu_temperature,94,2026-07-29T10:14:38.973Z
sensor.ugreen_nas_cpu_temperature,87,2026-07-29T10:14:43.970Z
sensor.ugreen_nas_cpu_temperature,86,2026-07-29T10:14:48.969Z
sensor.ugreen_nas_cpu_temperature,90,2026-07-29T10:14:53.968Z
sensor.ugreen_nas_cpu_temperature,85,2026-07-29T10:14:58.969Z
sensor.ugreen_nas_cpu_temperature,86,2026-07-29T10:15:18.973Z
sensor.ugreen_nas_cpu_temperature,90,2026-07-29T10:15:38.993Z
sensor.ugreen_nas_cpu_temperature,86,2026-07-29T10:15:43.993Z
sensor.ugreen_nas_cpu_temperature,85,2026-07-29T10:16:28.994Z
sensor.ugreen_nas_cpu_temperature,86,2026-07-29T10:16:33.974Z
sensor.ugreen_nas_cpu_temperature,84,2026-07-29T10:16:48.978Z
sensor.ugreen_nas_cpu_temperature,88,2026-07-29T10:16:53.983Z
sensor.ugreen_nas_cpu_temperature,86,2026-07-29T10:16:58.980Z
sensor.ugreen_nas_cpu_temperature,89,2026-07-29T10:17:23.972Z
sensor.ugreen_nas_cpu_temperature,86,2026-07-29T10:17:28.984Z
sensor.ugreen_nas_cpu_temperature,88,2026-07-29T10:17:53.979Z
sensor.ugreen_nas_cpu_temperature,86,2026-07-29T10:17:58.973Z
sensor.ugreen_nas_cpu_temperature,92,2026-07-29T10:19:18.993Z
sensor.ugreen_nas_cpu_temperature,87,2026-07-29T10:19:23.994Z
sensor.ugreen_nas_cpu_temperature,85,2026-07-29T10:19:29.066Z
sensor.ugreen_nas_cpu_temperature,86,2026-07-29T10:19:43.970Z
sensor.ugreen_nas_cpu_temperature,92,2026-07-29T10:20:18.982Z
sensor.ugreen_nas_cpu_temperature,87,2026-07-29T10:20:23.970Z
sensor.ugreen_nas_cpu_temperature,85,2026-07-29T10:20:28.983Z
sensor.ugreen_nas_cpu_temperature,90,2026-07-29T10:20:33.995Z
sensor.ugreen_nas_cpu_temperature,85,2026-07-29T10:20:38.995Z
sensor.ugreen_nas_cpu_temperature,84,2026-07-29T10:20:43.995Z
sensor.ugreen_nas_cpu_temperature,89,2026-07-29T10:20:49.003Z
sensor.ugreen_nas_cpu_temperature,85,2026-07-29T10:20:53.977Z
sensor.ugreen_nas_cpu_temperature,86,2026-07-29T10:21:18.971Z
sensor.ugreen_nas_cpu_temperature,88,2026-07-29T10:21:56.002Z
sensor.ugreen_nas_cpu_temperature,85,2026-07-29T10:22:01.228Z
sensor.ugreen_nas_cpu_temperature,93,2026-07-29T10:22:06.030Z
sensor.ugreen_nas_cpu_temperature,87,2026-07-29T10:22:11.033Z
sensor.ugreen_nas_cpu_temperature,86,2026-07-29T10:22:16.005Z
sensor.ugreen_nas_cpu_temperature,85,2026-07-29T10:22:31.007Z
sensor.ugreen_nas_cpu_temperature,86,2026-07-29T10:22:36.008Z
sensor.ugreen_nas_cpu_temperature,93,2026-07-29T10:22:41.032Z
sensor.ugreen_nas_cpu_temperature,87,2026-07-29T10:22:46.008Z
sensor.ugreen_nas_cpu_temperature,85,2026-07-29T10:22:51.008Z
sensor.ugreen_nas_cpu_temperature,90,2026-07-29T10:23:06.007Z
sensor.ugreen_nas_cpu_temperature,86,2026-07-29T10:23:11.004Z
sensor.ugreen_nas_cpu_temperature,85,2026-07-29T10:23:16.007Z
sensor.ugreen_nas_cpu_temperature,92,2026-07-29T10:23:26.027Z
sensor.ugreen_nas_cpu_temperature,87,2026-07-29T10:23:31.031Z
sensor.ugreen_nas_cpu_temperature,85,2026-07-29T10:23:36.033Z
sensor.ugreen_nas_cpu_temperature,86,2026-07-29T10:24:06.030Z
sensor.ugreen_nas_cpu_temperature,93,2026-07-29T10:24:26.007Z
sensor.ugreen_nas_cpu_temperature,88,2026-07-29T10:24:31.005Z
sensor.ugreen_nas_cpu_temperature,85,2026-07-29T10:24:36.006Z
sensor.ugreen_nas_cpu_temperature,86,2026-07-29T10:25:01.036Z
sensor.ugreen_nas_cpu_temperature,90,2026-07-29T10:26:01.021Z
sensor.ugreen_nas_cpu_temperature,86,2026-07-29T10:26:06.033Z
sensor.ugreen_nas_cpu_temperature,85,2026-07-29T10:26:11.006Z
sensor.ugreen_nas_cpu_temperature,93,2026-07-29T10:26:21.014Z
sensor.ugreen_nas_cpu_temperature,87,2026-07-29T10:26:26.015Z
sensor.ugreen_nas_cpu_temperature,85,2026-07-29T10:26:31.016Z
sensor.ugreen_nas_cpu_temperature,92,2026-07-29T10:26:36.013Z
sensor.ugreen_nas_cpu_temperature,87,2026-07-29T10:26:41.022Z
sensor.ugreen_nas_cpu_temperature,85,2026-07-29T10:26:46.006Z
sensor.ugreen_nas_cpu_temperature,90,2026-07-29T10:27:01.013Z
sensor.ugreen_nas_cpu_temperature,86,2026-07-29T10:27:06.025Z
sensor.ugreen_nas_cpu_temperature,85,2026-07-29T10:27:11.012Z
sensor.ugreen_nas_cpu_temperature,86,2026-07-29T10:27:26.005Z
sensor.ugreen_nas_cpu_temperature,94,2026-07-29T10:27:46.014Z
sensor.ugreen_nas_cpu_temperature,87,2026-07-29T10:27:51.015Z
sensor.ugreen_nas_cpu_temperature,86,2026-07-29T10:27:56.013Z
sensor.ugreen_nas_cpu_temperature,88,2026-07-29T10:28:11.015Z
sensor.ugreen_nas_cpu_temperature,86,2026-07-29T10:28:16.014Z
sensor.ugreen_nas_cpu_temperature,93,2026-07-29T10:28:54.979Z
sensor.ugreen_nas_cpu_temperature,88,2026-07-29T10:28:59.991Z
sensor.ugreen_nas_cpu_temperature,85,2026-07-29T10:29:04.989Z
sensor.ugreen_nas_cpu_temperature,91,2026-07-29T10:29:19.989Z
sensor.ugreen_nas_cpu_temperature,86,2026-07-29T10:29:24.988Z
sensor.ugreen_nas_cpu_temperature,94,2026-07-29T10:29:34.989Z
sensor.ugreen_nas_cpu_temperature,88,2026-07-29T10:29:39.988Z
sensor.ugreen_nas_cpu_temperature,85,2026-07-29T10:29:44.989Z
sensor.ugreen_nas_cpu_temperature,84,2026-07-29T10:29:49.992Z
sensor.ugreen_nas_cpu_temperature,92,2026-07-29T10:29:54.988Z
sensor.ugreen_nas_cpu_temperature,87,2026-07-29T10:29:59.992Z
sensor.ugreen_nas_cpu_temperature,85,2026-07-29T10:30:04.988Z
sensor.ugreen_nas_cpu_temperature,88,2026-07-29T10:30:19.990Z
sensor.ugreen_nas_cpu_temperature,85,2026-07-29T10:30:24.992Z
sensor.ugreen_nas_cpu_temperature,84,2026-07-29T10:30:29.991Z
sensor.ugreen_nas_cpu_temperature,90,2026-07-29T10:30:34.992Z
sensor.ugreen_nas_cpu_temperature,86,2026-07-29T10:30:39.992Z
sensor.ugreen_nas_cpu_temperature,85,2026-07-29T10:30:44.992Z
sensor.ugreen_nas_cpu_temperature,93,2026-07-29T10:30:59.990Z
sensor.ugreen_nas_cpu_temperature,88,2026-07-29T10:31:04.993Z
sensor.ugreen_nas_cpu_temperature,86,2026-07-29T10:31:09.992Z
sensor.ugreen_nas_cpu_temperature,89,2026-07-29T10:31:14.992Z
sensor.ugreen_nas_cpu_temperature,86,2026-07-29T10:31:19.991Z
sensor.ugreen_nas_cpu_temperature,89,2026-07-29T10:31:29.990Z
sensor.ugreen_nas_cpu_temperature,86,2026-07-29T10:31:34.991Z
sensor.ugreen_nas_cpu_temperature,85,2026-07-29T10:31:39.989Z
sensor.ugreen_nas_cpu_temperature,93,2026-07-29T10:31:44.993Z
sensor.ugreen_nas_cpu_temperature,87,2026-07-29T10:31:49.991Z
sensor.ugreen_nas_cpu_temperature,86,2026-07-29T10:31:54.981Z
sensor.ugreen_nas_cpu_temperature,85,2026-07-29T10:32:00.004Z
sensor.ugreen_nas_cpu_temperature,91,2026-07-29T10:32:14.992Z
sensor.ugreen_nas_cpu_temperature,87,2026-07-29T10:32:19.990Z
sensor.ugreen_nas_cpu_temperature,86,2026-07-29T10:32:24.996Z
sensor.ugreen_nas_cpu_temperature,85,2026-07-29T10:32:29.993Z
sensor.ugreen_nas_cpu_temperature,86,2026-07-29T10:32:39.990Z
sensor.ugreen_nas_cpu_temperature,91,2026-07-29T10:32:44.993Z
sensor.ugreen_nas_cpu_temperature,87,2026-07-29T10:32:49.992Z
sensor.ugreen_nas_cpu_temperature,86,2026-07-29T10:32:55.005Z
sensor.ugreen_nas_cpu_temperature,85,2026-07-29T10:33:14.990Z
sensor.ugreen_nas_cpu_temperature,89,2026-07-29T10:33:19.993Z
sensor.ugreen_nas_cpu_temperature,86,2026-07-29T10:33:24.992Z
sensor.ugreen_nas_cpu_temperature,85,2026-07-29T10:33:29.991Z
sensor.ugreen_nas_cpu_temperature,86,2026-07-29T10:33:39.992Z
sensor.ugreen_nas_cpu_temperature,90,2026-07-29T10:33:44.991Z
sensor.ugreen_nas_cpu_temperature,86,2026-07-29T10:33:49.992Z
sensor.ugreen_nas_cpu_temperature,85,2026-07-29T10:33:54.991Z
sensor.ugreen_nas_cpu_temperature,94,2026-07-29T10:33:59.988Z
sensor.ugreen_nas_cpu_temperature,88,2026-07-29T10:34:04.991Z
sensor.ugreen_nas_cpu_temperature,85,2026-07-29T10:34:09.982Z
sensor.ugreen_nas_cpu_temperature,86,2026-07-29T10:34:30.008Z
sensor.ugreen_nas_cpu_temperature,91,2026-07-29T10:34:55.000Z
sensor.ugreen_nas_cpu_temperature,86,2026-07-29T10:34:59.997Z
sensor.ugreen_nas_cpu_temperature,85,2026-07-29T10:35:04.980Z
sensor.ugreen_nas_cpu_temperature,90,2026-07-29T10:35:14.985Z
sensor.ugreen_nas_cpu_temperature,86,2026-07-29T10:35:19.982Z
sensor.ugreen_nas_cpu_temperature,84,2026-07-29T10:35:25.003Z
sensor.ugreen_nas_cpu_temperature,90,2026-07-29T10:35:34.986Z
sensor.ugreen_nas_cpu_temperature,85,2026-07-29T10:35:40.007Z
sensor.ugreen_nas_cpu_temperature,84,2026-07-29T10:35:45.008Z
sensor.ugreen_nas_cpu_temperature,89,2026-07-29T10:35:49.981Z
sensor.ugreen_nas_cpu_temperature,85,2026-07-29T10:35:54.983Z
sensor.ugreen_nas_cpu_temperature,86,2026-07-29T10:36:05.008Z
sensor.ugreen_nas_cpu_temperature,85,2026-07-29T10:36:14.985Z
sensor.ugreen_nas_cpu_temperature,86,2026-07-29T10:36:24.984Z
sensor.ugreen_nas_cpu_temperature,90,2026-07-29T10:36:29.983Z
sensor.ugreen_nas_cpu_temperature,86,2026-07-29T10:36:34.984Z
sensor.ugreen_nas_cpu_temperature,89,2026-07-29T10:36:44.992Z
sensor.ugreen_nas_cpu_temperature,86,2026-07-29T10:36:49.991Z
sensor.ugreen_nas_cpu_temperature,85,2026-07-29T10:36:54.993Z
sensor.ugreen_nas_cpu_temperature,89,2026-07-29T10:36:59.982Z
sensor.ugreen_nas_cpu_temperature,86,2026-07-29T10:37:04.979Z
sensor.ugreen_nas_cpu_temperature,93,2026-07-29T10:37:29.991Z
sensor.ugreen_nas_cpu_temperature,88,2026-07-29T10:37:34.989Z
sensor.ugreen_nas_cpu_temperature,86,2026-07-29T10:37:39.982Z
sensor.ugreen_nas_cpu_temperature,91,2026-07-29T10:37:44.985Z
sensor.ugreen_nas_cpu_temperature,86,2026-07-29T10:37:49.985Z
sensor.ugreen_nas_cpu_temperature,85,2026-07-29T10:38:35.958Z
sensor.ugreen_nas_cpu_temperature,93,2026-07-29T10:38:40.962Z
sensor.ugreen_nas_cpu_temperature,88,2026-07-29T10:38:45.963Z
sensor.ugreen_nas_cpu_temperature,86,2026-07-29T10:38:50.955Z
sensor.ugreen_nas_cpu_temperature,85,2026-07-29T10:38:55.965Z
sensor.ugreen_nas_cpu_temperature,86,2026-07-29T10:39:00.960Z
sensor.ugreen_nas_cpu_temperature,94,2026-07-29T10:39:20.960Z
sensor.ugreen_nas_cpu_temperature,88,2026-07-29T10:39:25.950Z
sensor.ugreen_nas_cpu_temperature,86,2026-07-29T10:39:30.965Z
sensor.ugreen_nas_cpu_temperature,91,2026-07-29T10:39:40.962Z
sensor.ugreen_nas_cpu_temperature,86,2026-07-29T10:39:45.961Z
sensor.ugreen_nas_cpu_temperature,85,2026-07-29T10:39:50.962Z
sensor.ugreen_nas_cpu_temperature,89,2026-07-29T10:40:00.966Z
sensor.ugreen_nas_cpu_temperature,93,2026-07-29T10:40:05.965Z
sensor.ugreen_nas_cpu_temperature,87,2026-07-29T10:40:10.950Z
sensor.ugreen_nas_cpu_temperature,85,2026-07-29T10:40:15.963Z
sensor.ugreen_nas_cpu_temperature,84,2026-07-29T10:40:20.978Z
sensor.ugreen_nas_cpu_temperature,85,2026-07-29T10:40:25.981Z
sensor.ugreen_nas_cpu_temperature,86,2026-07-29T10:40:45.969Z
sensor.ugreen_nas_cpu_temperature,85,2026-07-29T10:40:50.968Z
sensor.ugreen_nas_cpu_temperature,86,2026-07-29T10:41:05.964Z
sensor.ugreen_nas_cpu_temperature,85,2026-07-29T10:41:15.965Z
sensor.ugreen_nas_cpu_temperature,89,2026-07-29T10:41:20.957Z
sensor.ugreen_nas_cpu_temperature,86,2026-07-29T10:41:25.963Z
sensor.ugreen_nas_cpu_temperature,85,2026-07-29T10:41:30.964Z
sensor.ugreen_nas_cpu_temperature,86,2026-07-29T10:41:40.965Z
sensor.ugreen_nas_cpu_temperature,92,2026-07-29T10:41:55.963Z
sensor.ugreen_nas_cpu_temperature,87,2026-07-29T10:42:00.965Z
sensor.ugreen_nas_cpu_temperature,86,2026-07-29T10:42:05.956Z
sensor.ugreen_nas_cpu_temperature,85,2026-07-29T10:42:15.968Z
sensor.ugreen_nas_cpu_temperature,86,2026-07-29T10:42:20.961Z
sensor.ugreen_nas_cpu_temperature,90,2026-07-29T10:42:25.965Z
sensor.ugreen_nas_cpu_temperature,86,2026-07-29T10:42:30.961Z
sensor.ugreen_nas_cpu_temperature,85,2026-07-29T10:42:35.959Z
sensor.ugreen_nas_cpu_temperature,84,2026-07-29T10:42:40.952Z
sensor.ugreen_nas_cpu_temperature,89,2026-07-29T10:42:45.967Z
sensor.ugreen_nas_cpu_temperature,85,2026-07-29T10:42:50.967Z
sensor.ugreen_nas_cpu_temperature,84,2026-07-29T10:42:55.964Z
sensor.ugreen_nas_cpu_temperature,85,2026-07-29T10:43:00.958Z
sensor.ugreen_nas_cpu_temperature,89,2026-07-29T10:43:30.981Z
sensor.ugreen_nas_cpu_temperature,86,2026-07-29T10:43:35.984Z
sensor.ugreen_nas_cpu_temperature,92,2026-07-29T10:43:40.956Z
sensor.ugreen_nas_cpu_temperature,88,2026-07-29T10:43:45.966Z
sensor.ugreen_nas_cpu_temperature,85,2026-07-29T10:43:50.964Z
sensor.ugreen_nas_cpu_temperature,91,2026-07-29T10:44:05.957Z
sensor.ugreen_nas_cpu_temperature,86,2026-07-29T10:44:10.982Z
sensor.ugreen_nas_cpu_temperature,85,2026-07-29T10:44:15.957Z
sensor.ugreen_nas_cpu_temperature,88,2026-07-29T10:44:25.982Z
sensor.ugreen_nas_cpu_temperature,85,2026-07-29T10:44:30.979Z
sensor.ugreen_nas_cpu_temperature,90,2026-07-29T10:44:51.014Z
sensor.ugreen_nas_cpu_temperature,86,2026-07-29T10:44:55.955Z
sensor.ugreen_nas_cpu_temperature,89,2026-07-29T10:45:00.956Z
sensor.ugreen_nas_cpu_temperature,86,2026-07-29T10:45:05.955Z
sensor.ugreen_nas_cpu_temperature,85,2026-07-29T10:45:10.956Z
sensor.ugreen_nas_cpu_temperature,94,2026-07-29T10:45:15.981Z
sensor.ugreen_nas_cpu_temperature,88,2026-07-29T10:45:20.954Z
sensor.ugreen_nas_cpu_temperature,86,2026-07-29T10:45:25.973Z
sensor.ugreen_nas_cpu_temperature,85,2026-07-29T10:45:30.957Z
sensor.ugreen_nas_cpu_temperature,86,2026-07-29T10:45:35.981Z
sensor.ugreen_nas_cpu_temperature,85,2026-07-29T10:45:40.956Z
sensor.ugreen_nas_cpu_temperature,86,2026-07-29T10:45:45.982Z
sensor.ugreen_nas_cpu_temperature,92,2026-07-29T10:45:50.956Z
sensor.ugreen_nas_cpu_temperature,87,2026-07-29T10:45:55.956Z
sensor.ugreen_nas_cpu_temperature,86,2026-07-29T10:46:00.977Z
sensor.ugreen_nas_cpu_temperature,85,2026-07-29T10:46:05.959Z
sensor.ugreen_nas_cpu_temperature,86,2026-07-29T10:46:15.969Z
sensor.ugreen_nas_cpu_temperature,85,2026-07-29T10:46:30.953Z
sensor.ugreen_nas_cpu_temperature,86,2026-07-29T10:46:35.954Z
sensor.ugreen_nas_cpu_temperature,91,2026-07-29T10:46:45.951Z
sensor.ugreen_nas_cpu_temperature,87,2026-07-29T10:46:50.971Z
sensor.ugreen_nas_cpu_temperature,85,2026-07-29T10:46:55.956Z
sensor.ugreen_nas_cpu_temperature,88,2026-07-29T10:47:00.968Z
sensor.ugreen_nas_cpu_temperature,85,2026-07-29T10:47:05.962Z
sensor.ugreen_nas_cpu_temperature,84,2026-07-29T10:47:10.957Z
sensor.ugreen_nas_cpu_temperature,85,2026-07-29T10:47:15.955Z
sensor.ugreen_nas_cpu_temperature,89,2026-07-29T10:47:20.954Z
sensor.ugreen_nas_cpu_temperature,86,2026-07-29T10:47:25.960Z
sensor.ugreen_nas_cpu_temperature,84,2026-07-29T10:47:30.981Z
sensor.ugreen_nas_cpu_temperature,89,2026-07-29T10:47:40.981Z
sensor.ugreen_nas_cpu_temperature,85,2026-07-29T10:47:45.956Z
sensor.ugreen_nas_cpu_temperature,84,2026-07-29T10:47:50.983Z
sensor.ugreen_nas_cpu_temperature,88,2026-07-29T10:47:55.957Z
sensor.ugreen_nas_cpu_temperature,91,2026-07-29T10:48:00.956Z
sensor.ugreen_nas_cpu_temperature,87,2026-07-29T10:48:05.956Z
sensor.ugreen_nas_cpu_temperature,84,2026-07-29T10:48:10.981Z
sensor.ugreen_nas_cpu_temperature,90,2026-07-29T10:48:25.971Z
sensor.ugreen_nas_cpu_temperature,86,2026-07-29T10:48:30.956Z
sensor.ugreen_nas_cpu_temperature,89,2026-07-29T10:48:35.955Z
sensor.ugreen_nas_cpu_temperature,85,2026-07-29T10:48:40.963Z
sensor.ugreen_nas_cpu_temperature,94,2026-07-29T10:48:45.968Z
sensor.ugreen_nas_cpu_temperature,88,2026-07-29T10:48:50.961Z
sensor.ugreen_nas_cpu_temperature,86,2026-07-29T10:48:55.965Z
sensor.ugreen_nas_cpu_temperature,94,2026-07-29T10:49:00.980Z
sensor.ugreen_nas_cpu_temperature,88,2026-07-29T10:49:05.956Z
sensor.ugreen_nas_cpu_temperature,85,2026-07-29T10:49:10.963Z
sensor.ugreen_nas_cpu_temperature,91,2026-07-29T10:49:15.959Z
sensor.ugreen_nas_cpu_temperature,86,2026-07-29T10:49:20.960Z
sensor.ugreen_nas_cpu_temperature,92,2026-07-29T10:49:25.964Z
sensor.ugreen_nas_cpu_temperature,87,2026-07-29T10:49:30.966Z
sensor.ugreen_nas_cpu_temperature,85,2026-07-29T10:49:35.981Z
sensor.ugreen_nas_cpu_temperature,86,2026-07-29T10:49:55.962Z
sensor.ugreen_nas_cpu_temperature,85,2026-07-29T10:50:00.961Z
sensor.ugreen_nas_cpu_temperature,90,2026-07-29T10:50:10.956Z
sensor.ugreen_nas_cpu_temperature,86,2026-07-29T10:50:15.981Z
sensor.ugreen_nas_cpu_temperature,85,2026-07-29T10:50:20.955Z
sensor.ugreen_nas_cpu_temperature,90,2026-07-29T10:50:35.956Z
sensor.ugreen_nas_cpu_temperature,93,2026-07-29T10:50:40.955Z
sensor.ugreen_nas_cpu_temperature,87,2026-07-29T10:50:45.957Z
sensor.ugreen_nas_cpu_temperature,85,2026-07-29T10:50:50.956Z
sensor.ugreen_nas_cpu_temperature,84,2026-07-29T10:50:55.955Z
sensor.ugreen_nas_cpu_temperature,85,2026-07-29T10:51:00.957Z
sensor.ugreen_nas_cpu_temperature,86,2026-07-29T10:51:20.969Z
sensor.ugreen_nas_cpu_temperature,85,2026-07-29T10:51:35.984Z
sensor.ugreen_nas_cpu_temperature,86,2026-07-29T10:51:40.959Z
sensor.ugreen_nas_cpu_temperature,92,2026-07-29T10:52:45.976Z
sensor.ugreen_nas_cpu_temperature,86,2026-07-29T10:52:50.967Z
sensor.ugreen_nas_cpu_temperature,85,2026-07-29T10:52:55.963Z
sensor.ugreen_nas_cpu_temperature,84,2026-07-29T10:53:10.955Z
sensor.ugreen_nas_cpu_temperature,90,2026-07-29T10:53:15.956Z
sensor.ugreen_nas_cpu_temperature,86,2026-07-29T10:53:20.954Z
sensor.ugreen_nas_cpu_temperature,85,2026-07-29T10:53:25.955Z
sensor.ugreen_nas_cpu_temperature,86,2026-07-29T10:53:40.979Z
sensor.ugreen_nas_cpu_temperature,85,2026-07-29T10:53:45.977Z
sensor.ugreen_nas_cpu_temperature,86,2026-07-29T10:53:50.954Z
sensor.ugreen_nas_cpu_temperature,85,2026-07-29T10:53:55.956Z
sensor.ugreen_nas_cpu_temperature,86,2026-07-29T10:54:00.984Z
sensor.ugreen_nas_cpu_temperature,85,2026-07-29T10:54:05.963Z
sensor.ugreen_nas_cpu_temperature,86,2026-07-29T10:54:10.963Z
sensor.ugreen_nas_cpu_temperature,89,2026-07-29T10:54:30.982Z
sensor.ugreen_nas_cpu_temperature,86,2026-07-29T10:54:35.955Z
sensor.ugreen_nas_cpu_temperature,85,2026-07-29T10:54:40.962Z
sensor.ugreen_nas_cpu_temperature,89,2026-07-29T10:55:00.964Z
sensor.ugreen_nas_cpu_temperature,85,2026-07-29T10:55:05.962Z
sensor.ugreen_nas_cpu_temperature,90,2026-07-29T10:55:15.961Z
sensor.ugreen_nas_cpu_temperature,86,2026-07-29T10:55:20.976Z
sensor.ugreen_nas_cpu_temperature,84,2026-07-29T10:55:25.957Z
sensor.ugreen_nas_cpu_temperature,82,2026-07-29T10:55:30.964Z
sensor.ugreen_nas_cpu_temperature,81,2026-07-29T10:55:35.960Z
sensor.ugreen_nas_cpu_temperature,77,2026-07-29T10:55:40.964Z
sensor.ugreen_nas_cpu_temperature,76,2026-07-29T10:55:45.967Z
sensor.ugreen_nas_cpu_temperature,77,2026-07-29T10:56:35.966Z
sensor.ugreen_nas_cpu_temperature,80,2026-07-29T10:57:05.957Z
sensor.ugreen_nas_cpu_temperature,78,2026-07-29T10:57:10.959Z
sensor.ugreen_nas_cpu_temperature,83,2026-07-29T10:57:15.959Z
sensor.ugreen_nas_cpu_temperature,78,2026-07-29T10:57:20.956Z
sensor.ugreen_nas_cpu_temperature,81,2026-07-29T10:57:25.956Z
sensor.ugreen_nas_cpu_temperature,77,2026-07-29T10:57:30.957Z
sensor.ugreen_nas_cpu_temperature,80,2026-07-29T10:57:35.960Z
sensor.ugreen_nas_cpu_temperature,77,2026-07-29T10:57:40.956Z
sensor.ugreen_nas_cpu_temperature,81,2026-07-29T10:57:45.978Z
sensor.ugreen_nas_cpu_temperature,77,2026-07-29T10:57:50.964Z
sensor.ugreen_nas_cpu_temperature,76,2026-07-29T10:57:55.961Z
sensor.ugreen_nas_cpu_temperature,81,2026-07-29T10:58:05.958Z
sensor.ugreen_nas_cpu_temperature,86,2026-07-29T10:58:10.960Z
sensor.ugreen_nas_cpu_temperature,80,2026-07-29T10:58:15.962Z
sensor.ugreen_nas_cpu_temperature,78,2026-07-29T10:58:20.959Z
sensor.ugreen_nas_cpu_temperature,77,2026-07-29T10:58:25.965Z
sensor.ugreen_nas_cpu_temperature,84,2026-07-29T10:58:30.964Z
sensor.ugreen_nas_cpu_temperature,79,2026-07-29T10:58:35.961Z
sensor.ugreen_nas_cpu_temperature,83,2026-07-29T10:58:40.961Z
sensor.ugreen_nas_cpu_temperature,78,2026-07-29T10:58:45.961Z
sensor.ugreen_nas_cpu_temperature,77,2026-07-29T10:58:50.962Z
sensor.ugreen_nas_cpu_temperature,81,2026-07-29T10:58:55.960Z
sensor.ugreen_nas_cpu_temperature,85,2026-07-29T10:59:00.974Z
sensor.ugreen_nas_cpu_temperature,81,2026-07-29T10:59:05.952Z
sensor.ugreen_nas_cpu_temperature,78,2026-07-29T10:59:10.957Z
sensor.ugreen_nas_cpu_temperature,87,2026-07-29T10:59:15.957Z
sensor.ugreen_nas_cpu_temperature,81,2026-07-29T10:59:20.959Z
sensor.ugreen_nas_cpu_temperature,86,2026-07-29T10:59:25.963Z
sensor.ugreen_nas_cpu_temperature,80,2026-07-29T10:59:30.961Z
sensor.ugreen_nas_cpu_temperature,85,2026-07-29T10:59:35.962Z
sensor.ugreen_nas_cpu_temperature,79,2026-07-29T10:59:40.965Z
sensor.ugreen_nas_cpu_temperature,82,2026-07-29T10:59:45.962Z
sensor.ugreen_nas_cpu_temperature,78,2026-07-29T10:59:50.962Z
sensor.ugreen_nas_cpu_temperature,82,2026-07-29T10:59:55.962Z
sensor.ugreen_nas_cpu_temperature,78,2026-07-29T11:00:00.963Z
sensor.ugreen_nas_cpu_temperature,85,2026-07-29T11:00:05.961Z
sensor.ugreen_nas_cpu_temperature,79,2026-07-29T11:00:10.960Z
sensor.ugreen_nas_cpu_temperature,76,2026-07-29T11:00:15.965Z
sensor.ugreen_nas_cpu_temperature,80,2026-07-29T11:00:20.960Z
sensor.ugreen_nas_cpu_temperature,84,2026-07-29T11:00:25.961Z
sensor.ugreen_nas_cpu_temperature,79,2026-07-29T11:00:30.965Z
sensor.ugreen_nas_cpu_temperature,75,2026-07-29T11:00:35.963Z
sensor.ugreen_nas_cpu_temperature,80,2026-07-29T11:00:40.962Z
sensor.ugreen_nas_cpu_temperature,84,2026-07-29T11:00:45.959Z
sensor.ugreen_nas_cpu_temperature,79,2026-07-29T11:00:50.963Z
sensor.ugreen_nas_cpu_temperature,86,2026-07-29T11:00:55.961Z
sensor.ugreen_nas_cpu_temperature,80,2026-07-29T11:01:00.960Z
sensor.ugreen_nas_cpu_temperature,85,2026-07-29T11:01:05.950Z
sensor.ugreen_nas_cpu_temperature,79,2026-07-29T11:01:10.954Z
sensor.ugreen_nas_cpu_temperature,75,2026-07-29T11:01:15.963Z
sensor.ugreen_nas_cpu_temperature,80,2026-07-29T11:01:20.955Z
sensor.ugreen_nas_cpu_temperature,84,2026-07-29T11:01:25.962Z
sensor.ugreen_nas_cpu_temperature,79,2026-07-29T11:01:30.965Z
sensor.ugreen_nas_cpu_temperature,83,2026-07-29T11:01:35.961Z
sensor.ugreen_nas_cpu_temperature,78,2026-07-29T11:01:40.965Z
sensor.ugreen_nas_cpu_temperature,82,2026-07-29T11:01:45.962Z
sensor.ugreen_nas_cpu_temperature,78,2026-07-29T11:01:50.959Z
sensor.ugreen_nas_cpu_temperature,81,2026-07-29T11:01:55.961Z
sensor.ugreen_nas_cpu_temperature,77,2026-07-29T11:02:00.961Z
sensor.ugreen_nas_cpu_temperature,82,2026-07-29T11:02:05.954Z
sensor.ugreen_nas_cpu_temperature,86,2026-07-29T11:02:10.955Z
sensor.ugreen_nas_cpu_temperature,80,2026-07-29T11:02:15.954Z
sensor.ugreen_nas_cpu_temperature,84,2026-07-29T11:02:20.953Z
sensor.ugreen_nas_cpu_temperature,80,2026-07-29T11:02:25.957Z
sensor.ugreen_nas_cpu_temperature,76,2026-07-29T11:02:30.960Z
sensor.ugreen_nas_cpu_temperature,81,2026-07-29T11:02:35.956Z
sensor.ugreen_nas_cpu_temperature,76,2026-07-29T11:02:40.975Z
sensor.ugreen_nas_cpu_temperature,81,2026-07-29T11:02:45.974Z
sensor.ugreen_nas_cpu_temperature,84,2026-07-29T11:02:50.960Z
sensor.ugreen_nas_cpu_temperature,79,2026-07-29T11:02:55.964Z
sensor.ugreen_nas_cpu_temperature,85,2026-07-29T11:03:00.959Z
sensor.ugreen_nas_cpu_temperature,79,2026-07-29T11:03:05.958Z
sensor.ugreen_nas_cpu_temperature,75,2026-07-29T11:03:10.982Z
sensor.ugreen_nas_cpu_temperature,81,2026-07-29T11:03:15.960Z
sensor.ugreen_nas_cpu_temperature,86,2026-07-29T11:03:20.953Z
sensor.ugreen_nas_cpu_temperature,80,2026-07-29T11:03:25.981Z
sensor.ugreen_nas_cpu_temperature,85,2026-07-29T11:03:30.980Z
sensor.ugreen_nas_cpu_temperature,79,2026-07-29T11:03:35.953Z
sensor.ugreen_nas_cpu_temperature,84,2026-07-29T11:03:40.954Z
sensor.ugreen_nas_cpu_temperature,79,2026-07-29T11:03:45.975Z
sensor.ugreen_nas_cpu_temperature,84,2026-07-29T11:03:50.955Z
sensor.ugreen_nas_cpu_temperature,78,2026-07-29T11:03:55.953Z
sensor.ugreen_nas_cpu_temperature,83,2026-07-29T11:04:00.957Z
sensor.ugreen_nas_cpu_temperature,78,2026-07-29T11:04:05.966Z
sensor.ugreen_nas_cpu_temperature,83,2026-07-29T11:04:10.954Z
sensor.ugreen_nas_cpu_temperature,78,2026-07-29T11:04:15.971Z
sensor.ugreen_nas_cpu_temperature,74,2026-07-29T11:04:20.954Z
sensor.ugreen_nas_cpu_temperature,79,2026-07-29T11:04:25.955Z
sensor.ugreen_nas_cpu_temperature,84,2026-07-29T11:04:30.981Z
sensor.ugreen_nas_cpu_temperature,79,2026-07-29T11:04:35.954Z
sensor.ugreen_nas_cpu_temperature,83,2026-07-29T11:04:40.974Z
sensor.ugreen_nas_cpu_temperature,79,2026-07-29T11:04:45.977Z
sensor.ugreen_nas_cpu_temperature,84,2026-07-29T11:04:50.953Z
sensor.ugreen_nas_cpu_temperature,79,2026-07-29T11:04:55.978Z
sensor.ugreen_nas_cpu_temperature,84,2026-07-29T11:05:00.955Z
sensor.ugreen_nas_cpu_temperature,79,2026-07-29T11:05:05.953Z
sensor.ugreen_nas_cpu_temperature,84,2026-07-29T11:05:10.955Z
sensor.ugreen_nas_cpu_temperature,79,2026-07-29T11:05:15.979Z
sensor.ugreen_nas_cpu_temperature,83,2026-07-29T11:05:20.968Z
sensor.ugreen_nas_cpu_temperature,78,2026-07-29T11:05:25.977Z
sensor.ugreen_nas_cpu_temperature,83,2026-07-29T11:05:30.979Z
sensor.ugreen_nas_cpu_temperature,78,2026-07-29T11:05:35.979Z
sensor.ugreen_nas_cpu_temperature,82,2026-07-29T11:05:40.955Z
sensor.ugreen_nas_cpu_temperature,86,2026-07-29T11:05:45.978Z
sensor.ugreen_nas_cpu_temperature,80,2026-07-29T11:05:50.956Z
sensor.ugreen_nas_cpu_temperature,76,2026-07-29T11:05:55.980Z
sensor.ugreen_nas_cpu_temperature,79,2026-07-29T11:06:00.954Z
sensor.ugreen_nas_cpu_temperature,84,2026-07-29T11:06:05.954Z
sensor.ugreen_nas_cpu_temperature,79,2026-07-29T11:06:10.954Z
sensor.ugreen_nas_cpu_temperature,84,2026-07-29T11:06:15.968Z
sensor.ugreen_nas_cpu_temperature,79,2026-07-29T11:06:21.035Z
sensor.ugreen_nas_cpu_temperature,83,2026-07-29T11:06:25.978Z
sensor.ugreen_nas_cpu_temperature,78,2026-07-29T11:06:30.977Z
sensor.ugreen_nas_cpu_temperature,82,2026-07-29T11:06:35.955Z
sensor.ugreen_nas_cpu_temperature,77,2026-07-29T11:06:40.977Z
sensor.ugreen_nas_cpu_temperature,82,2026-07-29T11:06:45.980Z
sensor.ugreen_nas_cpu_temperature,78,2026-07-29T11:06:50.956Z
sensor.ugreen_nas_cpu_temperature,82,2026-07-29T11:06:55.983Z
sensor.ugreen_nas_cpu_temperature,77,2026-07-29T11:07:00.978Z
sensor.ugreen_nas_cpu_temperature,82,2026-07-29T11:07:05.954Z
sensor.ugreen_nas_cpu_temperature,77,2026-07-29T11:07:10.957Z
sensor.ugreen_nas_cpu_temperature,83,2026-07-29T11:07:15.956Z
sensor.ugreen_nas_cpu_temperature,78,2026-07-29T11:07:20.954Z
sensor.ugreen_nas_cpu_temperature,82,2026-07-29T11:07:25.980Z
sensor.ugreen_nas_cpu_temperature,77,2026-07-29T11:07:30.954Z
sensor.ugreen_nas_cpu_temperature,82,2026-07-29T11:07:35.957Z
sensor.ugreen_nas_cpu_temperature,77,2026-07-29T11:07:40.954Z
sensor.ugreen_nas_cpu_temperature,81,2026-07-29T11:07:45.955Z
sensor.ugreen_nas_cpu_temperature,76,2026-07-29T11:07:50.970Z
sensor.ugreen_nas_cpu_temperature,80,2026-07-29T11:07:55.980Z
sensor.ugreen_nas_cpu_temperature,84,2026-07-29T11:08:00.980Z
sensor.ugreen_nas_cpu_temperature,79,2026-07-29T11:08:05.955Z
sensor.ugreen_nas_cpu_temperature,83,2026-07-29T11:08:10.970Z
sensor.ugreen_nas_cpu_temperature,78,2026-07-29T11:08:15.956Z
sensor.ugreen_nas_cpu_temperature,82,2026-07-29T11:08:20.955Z
sensor.ugreen_nas_cpu_temperature,77,2026-07-29T11:08:25.970Z
sensor.ugreen_nas_cpu_temperature,81,2026-07-29T11:08:30.960Z
sensor.ugreen_nas_cpu_temperature,77,2026-07-29T11:08:35.961Z
sensor.ugreen_nas_cpu_temperature,80,2026-07-29T11:08:40.950Z
sensor.ugreen_nas_cpu_temperature,85,2026-07-29T11:08:45.964Z
sensor.ugreen_nas_cpu_temperature,79,2026-07-29T11:08:50.964Z
sensor.ugreen_nas_cpu_temperature,84,2026-07-29T11:08:55.983Z
sensor.ugreen_nas_cpu_temperature,78,2026-07-29T11:09:00.961Z
sensor.ugreen_nas_cpu_temperature,82,2026-07-29T11:09:05.961Z
sensor.ugreen_nas_cpu_temperature,77,2026-07-29T11:09:10.979Z
sensor.ugreen_nas_cpu_temperature,82,2026-07-29T11:09:15.972Z
sensor.ugreen_nas_cpu_temperature,78,2026-07-29T11:09:20.962Z
sensor.ugreen_nas_cpu_temperature,81,2026-07-29T11:09:25.956Z
sensor.ugreen_nas_cpu_temperature,77,2026-07-29T11:09:30.957Z
sensor.ugreen_nas_cpu_temperature,81,2026-07-29T11:09:35.955Z
sensor.ugreen_nas_cpu_temperature,76,2026-07-29T11:09:40.955Z
sensor.ugreen_nas_cpu_temperature,80,2026-07-29T11:09:45.974Z
sensor.ugreen_nas_cpu_temperature,84,2026-07-29T11:09:50.981Z
sensor.ugreen_nas_cpu_temperature,79,2026-07-29T11:09:55.981Z
sensor.ugreen_nas_cpu_temperature,83,2026-07-29T11:10:00.978Z
sensor.ugreen_nas_cpu_temperature,78,2026-07-29T11:10:05.983Z
sensor.ugreen_nas_cpu_temperature,82,2026-07-29T11:10:10.957Z
sensor.ugreen_nas_cpu_temperature,77,2026-07-29T11:10:15.978Z
sensor.ugreen_nas_cpu_temperature,81,2026-07-29T11:10:20.953Z
sensor.ugreen_nas_cpu_temperature,77,2026-07-29T11:10:25.982Z
sensor.ugreen_nas_cpu_temperature,82,2026-07-29T11:10:30.956Z
sensor.ugreen_nas_cpu_temperature,77,2026-07-29T11:10:35.968Z
sensor.ugreen_nas_cpu_temperature,81,2026-07-29T11:10:40.968Z
sensor.ugreen_nas_cpu_temperature,76,2026-07-29T11:10:45.982Z
sensor.ugreen_nas_cpu_temperature,81,2026-07-29T11:10:50.970Z
sensor.ugreen_nas_cpu_temperature,76,2026-07-29T11:10:55.977Z
sensor.ugreen_nas_cpu_temperature,80,2026-07-29T11:11:00.953Z
sensor.ugreen_nas_cpu_temperature,76,2026-07-29T11:11:05.952Z
sensor.ugreen_nas_cpu_temperature,80,2026-07-29T11:11:10.965Z
sensor.ugreen_nas_cpu_temperature,76,2026-07-29T11:11:15.964Z
sensor.ugreen_nas_cpu_temperature,79,2026-07-29T11:11:20.959Z
sensor.ugreen_nas_cpu_temperature,84,2026-07-29T11:11:25.962Z
sensor.ugreen_nas_cpu_temperature,79,2026-07-29T11:11:30.964Z
sensor.ugreen_nas_cpu_temperature,83,2026-07-29T11:11:35.963Z
sensor.ugreen_nas_cpu_temperature,78,2026-07-29T11:11:40.972Z
sensor.ugreen_nas_cpu_temperature,83,2026-07-29T11:11:45.980Z
sensor.ugreen_nas_cpu_temperature,78,2026-07-29T11:11:50.977Z
sensor.ugreen_nas_cpu_temperature,82,2026-07-29T11:11:55.973Z
sensor.ugreen_nas_cpu_temperature,78,2026-07-29T11:12:00.954Z
sensor.ugreen_nas_cpu_temperature,83,2026-07-29T11:12:05.954Z
sensor.ugreen_nas_cpu_temperature,79,2026-07-29T11:12:10.955Z
sensor.ugreen_nas_cpu_temperature,84,2026-07-29T11:12:15.977Z
sensor.ugreen_nas_cpu_temperature,79,2026-07-29T11:12:20.959Z
sensor.ugreen_nas_cpu_temperature,75,2026-07-29T11:12:25.961Z
sensor.ugreen_nas_cpu_temperature,79,2026-07-29T11:12:30.977Z
sensor.ugreen_nas_cpu_temperature,75,2026-07-29T11:12:35.977Z
sensor.ugreen_nas_cpu_temperature,80,2026-07-29T11:12:40.956Z
sensor.ugreen_nas_cpu_temperature,76,2026-07-29T11:12:45.978Z
sensor.ugreen_nas_cpu_temperature,80,2026-07-29T11:12:50.977Z
sensor.ugreen_nas_cpu_temperature,76,2026-07-29T11:12:55.955Z
sensor.ugreen_nas_cpu_temperature,80,2026-07-29T11:13:00.957Z
sensor.ugreen_nas_cpu_temperature,75,2026-07-29T11:13:05.965Z
sensor.ugreen_nas_cpu_temperature,81,2026-07-29T11:13:10.954Z
sensor.ugreen_nas_cpu_temperature,77,2026-07-29T11:13:15.965Z
sensor.ugreen_nas_cpu_temperature,82,2026-07-29T11:13:20.960Z
sensor.ugreen_nas_cpu_temperature,77,2026-07-29T11:13:25.955Z
sensor.ugreen_nas_cpu_temperature,83,2026-07-29T11:13:30.962Z
sensor.ugreen_nas_cpu_temperature,78,2026-07-29T11:13:35.951Z
sensor.ugreen_nas_cpu_temperature,82,2026-07-29T11:13:40.964Z
sensor.ugreen_nas_cpu_temperature,77,2026-07-29T11:13:45.960Z
sensor.ugreen_nas_cpu_temperature,82,2026-07-29T11:13:50.962Z
sensor.ugreen_nas_cpu_temperature,77,2026-07-29T11:13:55.965Z
sensor.ugreen_nas_cpu_temperature,82,2026-07-29T11:14:00.959Z
sensor.ugreen_nas_cpu_temperature,77,2026-07-29T11:14:05.955Z
sensor.ugreen_nas_cpu_temperature,82,2026-07-29T11:14:10.957Z
sensor.ugreen_nas_cpu_temperature,78,2026-07-29T11:14:15.958Z
sensor.ugreen_nas_cpu_temperature,82,2026-07-29T11:14:20.959Z
sensor.ugreen_nas_cpu_temperature,77,2026-07-29T11:14:25.959Z
sensor.ugreen_nas_cpu_temperature,82,2026-07-29T11:14:30.977Z
sensor.ugreen_nas_cpu_temperature,78,2026-07-29T11:14:35.965Z
sensor.ugreen_nas_cpu_temperature,82,2026-07-29T11:14:40.962Z
sensor.ugreen_nas_cpu_temperature,77,2026-07-29T11:14:45.963Z
sensor.ugreen_nas_cpu_temperature,83,2026-07-29T11:14:50.961Z
sensor.ugreen_nas_cpu_temperature,78,2026-07-29T11:14:55.967Z
sensor.ugreen_nas_cpu_temperature,83,2026-07-29T11:15:00.962Z
sensor.ugreen_nas_cpu_temperature,78,2026-07-29T11:15:05.978Z
sensor.ugreen_nas_cpu_temperature,83,2026-07-29T11:15:10.953Z
sensor.ugreen_nas_cpu_temperature,78,2026-07-29T11:15:15.977Z
sensor.ugreen_nas_cpu_temperature,83,2026-07-29T11:15:20.966Z
sensor.ugreen_nas_cpu_temperature,78,2026-07-29T11:15:25.981Z
sensor.ugreen_nas_cpu_temperature,82,2026-07-29T11:15:30.957Z
sensor.ugreen_nas_cpu_temperature,77,2026-07-29T11:15:35.983Z
sensor.ugreen_nas_cpu_temperature,81,2026-07-29T11:15:40.982Z
sensor.ugreen_nas_cpu_temperature,77,2026-07-29T11:15:45.981Z
sensor.ugreen_nas_cpu_temperature,80,2026-07-29T11:15:50.957Z
sensor.ugreen_nas_cpu_temperature,90,2026-07-29T11:15:55.958Z
sensor.ugreen_nas_cpu_temperature,86,2026-07-29T11:16:00.958Z
sensor.ugreen_nas_cpu_temperature,85,2026-07-29T11:16:05.964Z
sensor.ugreen_nas_cpu_temperature,86,2026-07-29T11:16:15.983Z
sensor.ugreen_nas_cpu_temperature,85,2026-07-29T11:16:25.956Z
sensor.ugreen_nas_cpu_temperature,86,2026-07-29T11:16:30.955Z
sensor.ugreen_nas_cpu_temperature,85,2026-07-29T11:18:30.959Z
sensor.ugreen_nas_cpu_temperature,86,2026-07-29T11:18:35.963Z
sensor.ugreen_nas_cpu_temperature,85,2026-07-29T11:19:35.968Z
sensor.ugreen_nas_cpu_temperature,89,2026-07-29T11:19:40.959Z
sensor.ugreen_nas_cpu_temperature,86,2026-07-29T11:19:45.959Z
sensor.ugreen_nas_cpu_temperature,85,2026-07-29T11:19:50.959Z
sensor.ugreen_nas_cpu_temperature,86,2026-07-29T11:20:10.956Z
sensor.ugreen_nas_cpu_temperature,94,2026-07-29T11:23:30.975Z
sensor.ugreen_nas_cpu_temperature,87,2026-07-29T11:23:35.986Z
sensor.ugreen_nas_cpu_temperature,86,2026-07-29T11:23:40.958Z
sensor.ugreen_nas_cpu_temperature,90,2026-07-29T11:27:30.982Z
sensor.ugreen_nas_cpu_temperature,86,2026-07-29T11:27:35.982Z
sensor.ugreen_nas_cpu_temperature,85,2026-07-29T11:27:40.958Z
sensor.ugreen_nas_cpu_temperature,86,2026-07-29T11:27:45.958Z
sensor.ugreen_nas_cpu_temperature,87,2026-07-29T11:31:20.953Z
sensor.ugreen_nas_cpu_temperature,86,2026-07-29T11:31:25.980Z
sensor.ugreen_nas_cpu_temperature,92,2026-07-29T11:31:35.961Z
sensor.ugreen_nas_cpu_temperature,87,2026-07-29T11:31:40.982Z
sensor.ugreen_nas_cpu_temperature,86,2026-07-29T11:31:45.983Z
sensor.ugreen_nas_cpu_temperature,85,2026-07-29T11:31:50.960Z
sensor.ugreen_nas_cpu_temperature,86,2026-07-29T11:31:55.986Z
sensor.ugreen_nas_cpu_temperature,87,2026-07-29T11:33:35.964Z
sensor.ugreen_nas_cpu_temperature,86,2026-07-29T11:33:40.965Z
sensor.ugreen_nas_cpu_temperature,87,2026-07-29T11:33:50.953Z
sensor.ugreen_nas_cpu_temperature,86,2026-07-29T11:33:55.979Z
sensor.ugreen_nas_cpu_temperature,87,2026-07-29T11:35:45.958Z
sensor.ugreen_nas_cpu_temperature,86,2026-07-29T11:35:50.959Z
sensor.ugreen_nas_cpu_temperature,87,2026-07-29T11:36:05.960Z
sensor.ugreen_nas_cpu_temperature,86,2026-07-29T11:36:10.956Z
sensor.ugreen_nas_cpu_temperature,87,2026-07-29T11:36:20.960Z
sensor.ugreen_nas_cpu_temperature,86,2026-07-29T11:36:25.958Z
sensor.ugreen_nas_cpu_temperature,87,2026-07-29T11:37:05.957Z
sensor.ugreen_nas_cpu_temperature,86,2026-07-29T11:37:10.958Z
sensor.ugreen_nas_cpu_temperature,87,2026-07-29T11:37:15.957Z
sensor.ugreen_nas_cpu_temperature,86,2026-07-29T11:37:30.963Z
sensor.ugreen_nas_cpu_temperature,92,2026-07-29T11:39:45.962Z
sensor.ugreen_nas_cpu_temperature,87,2026-07-29T11:39:50.962Z
sensor.ugreen_nas_cpu_temperature,86,2026-07-29T11:39:55.965Z
sensor.ugreen_nas_cpu_temperature,85,2026-07-29T11:40:00.962Z
sensor.ugreen_nas_cpu_temperature,86,2026-07-29T11:40:15.965Z
sensor.ugreen_nas_cpu_temperature,87,2026-07-29T11:41:15.979Z
sensor.ugreen_nas_cpu_temperature,86,2026-07-29T11:41:20.954Z
sensor.ugreen_nas_cpu_temperature,85,2026-07-29T11:41:30.966Z
sensor.ugreen_nas_cpu_temperature,84,2026-07-29T11:41:35.959Z
sensor.ugreen_nas_cpu_temperature,85,2026-07-29T11:41:40.965Z
sensor.ugreen_nas_cpu_temperature,86,2026-07-29T11:41:45.981Z
sensor.ugreen_nas_cpu_temperature,87,2026-07-29T11:41:50.965Z
sensor.ugreen_nas_cpu_temperature,86,2026-07-29T11:41:55.962Z
sensor.ugreen_nas_cpu_temperature,87,2026-07-29T11:42:20.968Z
sensor.ugreen_nas_cpu_temperature,86,2026-07-29T11:42:25.958Z
sensor.ugreen_nas_cpu_temperature,87,2026-07-29T11:47:35.973Z
sensor.ugreen_nas_cpu_temperature,86,2026-07-29T11:47:40.986Z
sensor.ugreen_nas_cpu_temperature,93,2026-07-29T11:47:55.982Z
sensor.ugreen_nas_cpu_temperature,88,2026-07-29T11:48:00.981Z
sensor.ugreen_nas_cpu_temperature,85,2026-07-29T11:48:05.958Z
sensor.ugreen_nas_cpu_temperature,86,2026-07-29T11:48:15.957Z
sensor.ugreen_nas_cpu_temperature,87,2026-07-29T11:51:55.982Z
sensor.ugreen_nas_cpu_temperature,86,2026-07-29T11:52:00.977Z
sensor.ugreen_nas_cpu_temperature,87,2026-07-29T11:54:00.974Z
sensor.ugreen_nas_cpu_temperature,86,2026-07-29T11:54:10.958Z
sensor.ugreen_nas_cpu_temperature,87,2026-07-29T11:55:00.964Z
sensor.ugreen_nas_cpu_temperature,86,2026-07-29T11:55:05.963Z
sensor.ugreen_nas_cpu_temperature,94,2026-07-29T11:56:05.964Z
sensor.ugreen_nas_cpu_temperature,88,2026-07-29T11:56:10.956Z
sensor.ugreen_nas_cpu_temperature,86,2026-07-29T11:56:15.984Z
sensor.ugreen_nas_cpu_temperature,85,2026-07-29T11:56:20.955Z
sensor.ugreen_nas_cpu_temperature,86,2026-07-29T11:56:30.994Z
sensor.ugreen_nas_cpu_temperature,87,2026-07-29T11:58:00.968Z
sensor.ugreen_nas_cpu_temperature,86,2026-07-29T11:58:05.963Z
sensor.ugreen_nas_cpu_temperature,94,2026-07-29T12:00:05.959Z
sensor.ugreen_nas_cpu_temperature,88,2026-07-29T12:00:10.956Z
sensor.ugreen_nas_cpu_temperature,86,2026-07-29T12:00:15.978Z
sensor.ugreen_nas_cpu_temperature,87,2026-07-29T12:01:45.980Z
sensor.ugreen_nas_cpu_temperature,86,2026-07-29T12:01:50.956Z
sensor.ugreen_nas_cpu_temperature,94,2026-07-29T12:04:10.957Z
sensor.ugreen_nas_cpu_temperature,88,2026-07-29T12:04:15.956Z
sensor.ugreen_nas_cpu_temperature,86,2026-07-29T12:04:20.955Z
sensor.ugreen_nas_cpu_temperature,91,2026-07-29T12:08:20.957Z
sensor.ugreen_nas_cpu_temperature,87,2026-07-29T12:08:25.960Z
sensor.ugreen_nas_cpu_temperature,86,2026-07-29T12:08:30.957Z
sensor.ugreen_nas_cpu_temperature,85,2026-07-29T12:08:35.955Z
sensor.ugreen_nas_cpu_temperature,86,2026-07-29T12:08:40.957Z
sensor.ugreen_nas_cpu_temperature,87,2026-07-29T12:10:50.955Z
sensor.ugreen_nas_cpu_temperature,86,2026-07-29T12:10:55.954Z
sensor.ugreen_nas_cpu_temperature,87,2026-07-29T12:11:10.959Z
sensor.ugreen_nas_cpu_temperature,86,2026-07-29T12:11:15.955Z
sensor.ugreen_nas_cpu_temperature,85,2026-07-29T12:12:25.964Z
sensor.ugreen_nas_cpu_temperature,89,2026-07-29T12:12:30.962Z
sensor.ugreen_nas_cpu_temperature,86,2026-07-29T12:12:35.963Z
sensor.ugreen_nas_cpu_temperature,85,2026-07-29T12:12:40.965Z
sensor.ugreen_nas_cpu_temperature,86,2026-07-29T12:12:50.961Z
sensor.ugreen_nas_cpu_temperature,88,2026-07-29T12:13:45.954Z
sensor.ugreen_nas_cpu_temperature,86,2026-07-29T12:13:50.971Z
sensor.ugreen_nas_cpu_temperature,85,2026-07-29T12:13:55.958Z
sensor.ugreen_nas_cpu_temperature,86,2026-07-29T12:14:00.955Z
sensor.ugreen_nas_cpu_temperature,85,2026-07-29T12:14:05.956Z
sensor.ugreen_nas_cpu_temperature,86,2026-07-29T12:14:10.956Z
sensor.ugreen_nas_cpu_temperature,85,2026-07-29T12:14:15.956Z
sensor.ugreen_nas_cpu_temperature,86,2026-07-29T12:14:25.982Z
sensor.ugreen_nas_cpu_temperature,89,2026-07-29T12:16:30.960Z
sensor.ugreen_nas_cpu_temperature,86,2026-07-29T12:16:35.965Z
sensor.ugreen_nas_cpu_temperature,87,2026-07-29T12:18:35.963Z
sensor.ugreen_nas_cpu_temperature,86,2026-07-29T12:18:40.950Z
sensor.ugreen_nas_cpu_temperature,87,2026-07-29T12:21:20.957Z
sensor.ugreen_nas_cpu_temperature,86,2026-07-29T12:21:25.968Z
sensor.ugreen_nas_cpu_temperature,87,2026-07-29T12:21:40.956Z
sensor.ugreen_nas_cpu_temperature,86,2026-07-29T12:21:45.980Z
sensor.ugreen_nas_cpu_temperature,87,2026-07-29T12:23:05.963Z
sensor.ugreen_nas_cpu_temperature,86,2026-07-29T12:23:10.967Z
sensor.ugreen_nas_cpu_temperature,93,2026-07-29T12:24:30.978Z
sensor.ugreen_nas_cpu_temperature,87,2026-07-29T12:24:35.956Z
sensor.ugreen_nas_cpu_temperature,86,2026-07-29T12:24:40.963Z
sensor.ugreen_nas_cpu_temperature,87,2026-07-29T12:27:15.983Z
sensor.ugreen_nas_cpu_temperature,86,2026-07-29T12:27:20.953Z
sensor.ugreen_nas_cpu_temperature,84,2026-07-29T12:27:50.953Z
sensor.ugreen_nas_cpu_temperature,77,2026-07-29T12:27:55.979Z
sensor.ugreen_nas_cpu_temperature,69,2026-07-29T12:28:00.978Z
sensor.ugreen_nas_cpu_temperature,68,2026-07-29T12:28:05.953Z
sensor.ugreen_nas_cpu_temperature,67,2026-07-29T12:28:25.953Z
sensor.ugreen_nas_cpu_temperature,78,2026-07-29T12:28:30.979Z
sensor.ugreen_nas_cpu_temperature,70,2026-07-29T12:28:35.953Z
sensor.ugreen_nas_cpu_temperature,66,2026-07-29T12:28:40.963Z
sensor.ugreen_nas_cpu_temperature,65,2026-07-29T12:29:25.959Z
sensor.ugreen_nas_cpu_temperature,64,2026-07-29T12:30:45.978Z
sensor.ugreen_nas_cpu_temperature,63,2026-07-29T12:32:05.950Z
sensor.ugreen_nas_cpu_temperature,73,2026-07-29T12:32:40.961Z
sensor.ugreen_nas_cpu_temperature,65,2026-07-29T12:32:45.960Z
sensor.ugreen_nas_cpu_temperature,63,2026-07-29T12:32:50.964Z
sensor.ugreen_nas_cpu_temperature,62,2026-07-29T12:34:05.964Z
sensor.ugreen_nas_cpu_temperature,61,2026-07-29T12:37:15.955Z
sensor.ugreen_nas_cpu_temperature,60,2026-07-29T12:41:50.953Z
sensor.ugreen_nas_cpu_temperature,69,2026-07-29T12:48:40.963Z
sensor.ugreen_nas_cpu_temperature,61,2026-07-29T12:48:45.960Z
sensor.ugreen_nas_cpu_temperature,60,2026-07-29T12:48:50.957Z
sensor.ugreen_nas_cpu_temperature,59,2026-07-29T12:48:55.978Z
sensor.ugreen_nas_cpu_temperature,60,2026-07-29T12:49:05.960Z
sensor.ugreen_nas_cpu_temperature,59,2026-07-29T12:50:25.954Z
sensor.ugreen_nas_cpu_temperature,60,2026-07-29T12:50:40.970Z
sensor.ugreen_nas_cpu_temperature,59,2026-07-29T12:50:50.964Z
sensor.fritz_dect_200_1_potencia,18.38,2026-07-29T07:50:00.000Z
sensor.fritz_dect_200_1_potencia,18.52,2026-07-29T07:53:13.245Z
sensor.fritz_dect_200_1_potencia,18.45,2026-07-29T07:55:13.249Z
sensor.fritz_dect_200_1_potencia,18.52,2026-07-29T07:57:13.251Z
sensor.fritz_dect_200_1_potencia,18.45,2026-07-29T08:01:13.267Z
sensor.fritz_dect_200_1_potencia,18.66,2026-07-29T08:03:13.244Z
sensor.fritz_dect_200_1_potencia,18.59,2026-07-29T08:05:13.248Z
sensor.fritz_dect_200_1_potencia,18.52,2026-07-29T08:07:13.257Z
sensor.fritz_dect_200_1_potencia,18.09,2026-07-29T08:09:13.243Z
sensor.fritz_dect_200_1_potencia,18.38,2026-07-29T08:11:13.253Z
sensor.fritz_dect_200_1_potencia,18.45,2026-07-29T08:13:13.253Z
sensor.fritz_dect_200_1_potencia,33.04,2026-07-29T08:14:13.249Z
sensor.fritz_dect_200_1_potencia,32.25,2026-07-29T08:16:13.254Z
sensor.fritz_dect_200_1_potencia,34.54,2026-07-29T08:18:13.252Z
sensor.fritz_dect_200_1_potencia,24.39,2026-07-29T08:19:13.248Z
sensor.fritz_dect_200_1_potencia,35.19,2026-07-29T08:20:13.276Z
sensor.fritz_dect_200_1_potencia,24.39,2026-07-29T08:21:43.289Z
sensor.fritz_dect_200_1_potencia,37.26,2026-07-29T08:22:13.269Z
sensor.fritz_dect_200_1_potencia,32.11,2026-07-29T08:24:13.235Z
sensor.fritz_dect_200_1_potencia,38.19,2026-07-29T08:26:13.278Z
sensor.fritz_dect_200_1_potencia,39.76,2026-07-29T08:28:13.253Z
sensor.fritz_dect_200_1_potencia,38.19,2026-07-29T08:30:13.250Z
sensor.fritz_dect_200_1_potencia,28.82,2026-07-29T08:32:13.248Z
sensor.fritz_dect_200_1_potencia,41.55,2026-07-29T08:32:43.262Z
sensor.fritz_dect_200_1_potencia,27.03,2026-07-29T08:33:43.248Z
sensor.fritz_dect_200_1_potencia,38.05,2026-07-29T08:34:13.242Z
sensor.fritz_dect_200_1_potencia,37.62,2026-07-29T08:36:13.253Z
sensor.fritz_dect_200_1_potencia,27.25,2026-07-29T08:38:13.247Z
sensor.fritz_dect_200_1_potencia,26.89,2026-07-29T08:40:13.243Z
sensor.fritz_dect_200_1_potencia,26.46,2026-07-29T08:42:13.240Z
sensor.fritz_dect_200_1_potencia,33.25,2026-07-29T08:44:13.245Z
sensor.fritz_dect_200_1_potencia,26.53,2026-07-29T08:46:13.251Z
sensor.fritz_dect_200_1_potencia,28.1,2026-07-29T08:48:13.246Z
sensor.fritz_dect_200_1_potencia,44.13,2026-07-29T08:49:43.246Z
sensor.fritz_dect_200_1_potencia,37.12,2026-07-29T08:51:43.249Z
sensor.fritz_dect_200_1_potencia,37.9,2026-07-29T08:53:43.249Z
sensor.fritz_dect_200_1_potencia,37.47,2026-07-29T08:55:43.260Z
sensor.fritz_dect_200_1_potencia,37.69,2026-07-29T08:57:43.246Z
sensor.fritz_dect_200_1_potencia,38.98,2026-07-29T08:59:43.247Z
sensor.fritz_dect_200_1_potencia,38.4,2026-07-29T09:01:43.280Z
sensor.fritz_dect_200_1_potencia,37.33,2026-07-29T09:03:43.253Z
sensor.fritz_dect_200_1_potencia,37.12,2026-07-29T09:05:43.254Z
sensor.fritz_dect_200_1_potencia,25.46,2026-07-29T09:07:43.242Z
sensor.fritz_dect_200_1_potencia,37.9,2026-07-29T09:09:13.269Z
sensor.fritz_dect_200_1_potencia,27.89,2026-07-29T09:09:43.252Z
sensor.fritz_dect_200_1_potencia,29.32,2026-07-29T09:11:43.273Z
sensor.fritz_dect_200_1_potencia,27.68,2026-07-29T09:13:43.252Z
sensor.fritz_dect_200_1_potencia,33.83,2026-07-29T09:15:43.249Z
sensor.fritz_dect_200_1_potencia,28.46,2026-07-29T09:17:43.250Z
sensor.fritz_dect_200_1_potencia,28.89,2026-07-29T09:19:43.265Z
sensor.fritz_dect_200_1_potencia,30.82,2026-07-29T09:21:43.244Z
sensor.fritz_dect_200_1_potencia,27.89,2026-07-29T09:23:43.250Z
sensor.fritz_dect_200_1_potencia,28.32,2026-07-29T09:25:43.249Z
sensor.fritz_dect_200_1_potencia,29.03,2026-07-29T09:27:43.247Z
sensor.fritz_dect_200_1_potencia,28.75,2026-07-29T09:29:43.253Z
sensor.fritz_dect_200_1_potencia,34.83,2026-07-29T09:31:43.243Z
sensor.fritz_dect_200_1_potencia,35.26,2026-07-29T09:33:43.293Z
sensor.fritz_dect_200_1_potencia,29.68,2026-07-29T09:35:43.253Z
sensor.fritz_dect_200_1_potencia,21.38,2026-07-29T09:37:43.254Z
sensor.fritz_dect_200_1_potencia,20.88,2026-07-29T09:39:43.249Z
sensor.fritz_dect_200_1_potencia,20.59,2026-07-29T09:41:43.247Z
sensor.fritz_dect_200_1_potencia,20.81,2026-07-29T09:43:43.255Z
sensor.fritz_dect_200_1_potencia,42.41,2026-07-29T09:44:13.248Z
sensor.fritz_dect_200_1_potencia,38.62,2026-07-29T09:46:13.243Z
sensor.fritz_dect_200_1_potencia,37.98,2026-07-29T09:48:13.248Z
sensor.fritz_dect_200_1_potencia,37.76,2026-07-29T09:50:13.270Z
sensor.fritz_dect_200_1_potencia,38.48,2026-07-29T09:52:13.242Z
sensor.fritz_dect_200_1_potencia,38.98,2026-07-29T09:54:13.251Z
sensor.fritz_dect_200_1_potencia,37.62,2026-07-29T09:56:13.245Z
sensor.fritz_dect_200_1_potencia,36.69,2026-07-29T09:58:13.240Z
sensor.fritz_dect_200_1_potencia,35.97,2026-07-29T10:00:13.264Z
sensor.fritz_dect_200_1_potencia,37.62,2026-07-29T10:02:13.252Z
sensor.fritz_dect_200_1_potencia,38.33,2026-07-29T10:04:13.250Z
sensor.fritz_dect_200_1_potencia,37.19,2026-07-29T10:06:13.245Z
sensor.fritz_dect_200_1_potencia,38.69,2026-07-29T10:08:13.241Z
sensor.fritz_dect_200_1_potencia,22.6,2026-07-29T10:09:43.268Z
sensor.fritz_dect_200_1_potencia,36.83,2026-07-29T10:10:13.288Z
sensor.fritz_dect_200_1_potencia,22.67,2026-07-29T10:12:13.245Z
sensor.fritz_dect_200_1_potencia,37.26,2026-07-29T10:12:43.242Z
sensor.fritz_dect_200_1_potencia,35.26,2026-07-29T10:14:43.243Z
sensor.fritz_dect_200_1_potencia,37.33,2026-07-29T10:16:43.254Z
sensor.fritz_dect_200_1_potencia,36.9,2026-07-29T10:18:43.244Z
sensor.fritz_dect_200_1_potencia,37.12,2026-07-29T10:20:43.247Z
sensor.fritz_dect_200_1_potencia,36.47,2026-07-29T10:22:46.271Z
sensor.fritz_dect_200_1_potencia,37.62,2026-07-29T10:24:46.267Z
sensor.fritz_dect_200_1_potencia,36.83,2026-07-29T10:26:46.262Z
sensor.fritz_dect_200_1_potencia,37.47,2026-07-29T10:28:38.976Z
sensor.fritz_dect_200_1_potencia,37.62,2026-07-29T10:30:38.947Z
sensor.fritz_dect_200_1_potencia,37.4,2026-07-29T10:32:38.965Z
sensor.fritz_dect_200_1_potencia,36.97,2026-07-29T10:34:38.960Z
sensor.fritz_dect_200_1_potencia,37.26,2026-07-29T10:36:38.936Z
sensor.fritz_dect_200_1_potencia,37.47,2026-07-29T10:38:50.187Z
sensor.fritz_dect_200_1_potencia,37.83,2026-07-29T10:40:20.199Z
sensor.fritz_dect_200_1_potencia,37.12,2026-07-29T10:42:20.215Z
sensor.fritz_dect_200_1_potencia,37.62,2026-07-29T10:44:20.173Z
sensor.fritz_dect_200_1_potencia,37.33,2026-07-29T10:46:20.199Z
sensor.fritz_dect_200_1_potencia,37.19,2026-07-29T10:48:20.178Z
sensor.fritz_dect_200_1_potencia,37.12,2026-07-29T10:50:20.211Z
sensor.fritz_dect_200_1_potencia,36.69,2026-07-29T10:52:20.197Z
sensor.fritz_dect_200_1_potencia,37.4,2026-07-29T10:56:20.200Z
sensor.fritz_dect_200_1_potencia,38.19,2026-07-29T10:58:20.195Z
sensor.fritz_dect_200_1_potencia,34.47,2026-07-29T11:00:20.183Z
sensor.fritz_dect_200_1_potencia,30.97,2026-07-29T11:02:20.175Z
sensor.fritz_dect_200_1_potencia,32.4,2026-07-29T11:04:20.176Z
sensor.fritz_dect_200_1_potencia,33.25,2026-07-29T11:08:20.177Z
sensor.fritz_dect_200_1_potencia,32.32,2026-07-29T11:10:20.178Z
sensor.fritz_dect_200_1_potencia,32.11,2026-07-29T11:12:20.199Z
sensor.fritz_dect_200_1_potencia,30.61,2026-07-29T11:14:20.182Z
sensor.fritz_dect_200_1_potencia,45.13,2026-07-29T11:15:50.186Z
sensor.fritz_dect_200_1_potencia,36.83,2026-07-29T11:17:50.178Z
sensor.fritz_dect_200_1_potencia,36.97,2026-07-29T11:19:50.179Z
sensor.fritz_dect_200_1_potencia,37.12,2026-07-29T11:21:50.178Z
sensor.fritz_dect_200_1_potencia,36.9,2026-07-29T11:23:50.183Z
sensor.fritz_dect_200_1_potencia,36.83,2026-07-29T11:27:50.178Z
sensor.fritz_dect_200_1_potencia,36.9,2026-07-29T11:29:50.178Z
sensor.fritz_dect_200_1_potencia,37.33,2026-07-29T11:31:50.169Z
sensor.fritz_dect_200_1_potencia,36.9,2026-07-29T11:33:50.179Z
sensor.fritz_dect_200_1_potencia,36.97,2026-07-29T11:35:50.179Z
sensor.fritz_dect_200_1_potencia,37.05,2026-07-29T11:37:50.186Z
sensor.fritz_dect_200_1_potencia,37.69,2026-07-29T11:39:50.176Z
sensor.fritz_dect_200_1_potencia,37.05,2026-07-29T11:41:50.186Z
sensor.fritz_dect_200_1_potencia,36.9,2026-07-29T11:43:50.200Z
sensor.fritz_dect_200_1_potencia,36.69,2026-07-29T11:45:50.179Z
sensor.fritz_dect_200_1_potencia,37.19,2026-07-29T11:47:50.178Z
sensor.fritz_dect_200_1_potencia,36.97,2026-07-29T11:49:50.178Z
sensor.fritz_dect_200_1_potencia,36.83,2026-07-29T11:51:50.176Z
sensor.fritz_dect_200_1_potencia,37.05,2026-07-29T11:53:50.204Z
sensor.fritz_dect_200_1_potencia,36.47,2026-07-29T11:55:50.199Z
sensor.fritz_dect_200_1_potencia,36.76,2026-07-29T11:57:50.210Z
sensor.fritz_dect_200_1_potencia,36.83,2026-07-29T11:59:50.179Z
sensor.fritz_dect_200_1_potencia,37.05,2026-07-29T12:01:50.194Z
sensor.fritz_dect_200_1_potencia,36.9,2026-07-29T12:03:50.176Z
sensor.fritz_dect_200_1_potencia,36.62,2026-07-29T12:05:50.187Z
sensor.fritz_dect_200_1_potencia,36.9,2026-07-29T12:09:50.185Z
sensor.fritz_dect_200_1_potencia,36.83,2026-07-29T12:11:50.185Z
sensor.fritz_dect_200_1_potencia,37.47,2026-07-29T12:13:50.208Z
sensor.fritz_dect_200_1_potencia,36.76,2026-07-29T12:15:50.180Z
sensor.fritz_dect_200_1_potencia,36.54,2026-07-29T12:17:50.176Z
sensor.fritz_dect_200_1_potencia,36.9,2026-07-29T12:19:50.172Z
sensor.fritz_dect_200_1_potencia,37.19,2026-07-29T12:21:50.176Z
sensor.fritz_dect_200_1_potencia,36.76,2026-07-29T12:23:50.175Z
sensor.fritz_dect_200_1_potencia,36.12,2026-07-29T12:25:50.174Z
sensor.fritz_dect_200_1_potencia,21.02,2026-07-29T12:27:50.178Z
sensor.fritz_dect_200_1_potencia,19.31,2026-07-29T12:29:50.197Z
sensor.fritz_dect_200_1_potencia,18.73,2026-07-29T12:31:50.182Z
sensor.fritz_dect_200_1_potencia,18.31,2026-07-29T12:33:50.226Z
sensor.fritz_dect_200_1_potencia,19.02,2026-07-29T12:35:50.188Z
sensor.fritz_dect_200_1_potencia,18.88,2026-07-29T12:37:50.180Z
sensor.fritz_dect_200_1_potencia,18.66,2026-07-29T12:39:50.203Z
sensor.fritz_dect_200_1_potencia,18.52,2026-07-29T12:41:50.193Z
sensor.fritz_dect_200_1_potencia,18.59,2026-07-29T12:43:50.174Z
sensor.fritz_dect_200_1_potencia,18.66,2026-07-29T12:45:50.176Z
sensor.fritz_dect_200_1_potencia,18.73,2026-07-29T12:47:50.176Z
sensor.fritz_dect_200_1_potencia,18.16,2026-07-29T12:49:50.180Z
sensor.fritz_dect_200_1_potencia,19.52,2026-07-29T12:51:50.177Z
sensor.fritz_dect_200_1_potencia,19.31,2026-07-29T12:55:50.176Z
sensor.fritz_dect_200_1_potencia,19.09,2026-07-29T12:57:50.180Z
sensor.fritz_dect_200_1_potencia,18.66,2026-07-29T12:59:50.178Z
